id_sensor,temperatura,vibracao,estado
1,76.97,7.35,Alerta
1,70.62,9.32,Crítico
1,78.48,2.7,Alerta
1,87.23,6.63,Alerta
1,69.66,4.2,Normal
1,69.66,4.53,Normal
1,87.79,4.32,Alerta
1,79.67,3.77,Alerta
1,67.31,5.6,Normal
1,77.43,3.84,Alerta
1,67.37,6.04,Alerta
1,67.34,5.4,Normal
1,74.42,5.02,Normal
1,52.87,3.68,Normal
1,54.75,4.35,Normal
1,66.38,7.01,Alerta
1,61.87,6.5,Alerta
1,75.14,3.54,Alerta
1,62.92,5.7,Normal
1,57.88,7.0,Alerta
1,86.66,2.16,Alerta
1,69.74,6.59,Alerta
1,72.68,4.17,Normal
1,57.75,6.64,Alerta
1,66.56,3.97,Normal
1,73.11,1.89,Normal
1,60.49,2.24,Normal
1,75.76,5.6,Alerta
1,65.99,6.02,Alerta
1,69.08,3.69,Normal
1,65.98,6.78,Alerta
1,90.52,2.18,Crítico
1,71.87,5.37,Normal
1,61.42,3.08,Normal
1,80.23,4.2,Alerta
1,59.79,5.59,Normal
1,74.09,3.78,Normal
1,52.4,4.73,Normal
1,58.72,7.51,Alerta
1,73.97,4.35,Normal
1,79.38,7.17,Alerta
1,73.71,3.24,Normal
1,70.84,6.56,Alerta
1,68.99,8.38,Alerta
1,57.21,0.56,Normal
1,64.8,3.91,Normal
1,67.39,6.65,Alerta
1,82.57,5.09,Alerta
1,75.44,6.24,Alerta
1,54.37,4.29,Normal
1,75.24,5.67,Alerta
1,68.15,5.19,Normal
1,65.23,7.84,Alerta
1,78.12,6.01,Alerta
1,82.31,6.18,Alerta
1,81.31,4.68,Alerta
1,63.61,4.52,Normal
1,68.91,4.63,Normal
1,75.31,6.29,Alerta
1,81.76,4.66,Alerta
1,67.21,6.08,Alerta
1,70.14,9.65,Crítico
1,60.94,7.24,Alerta
1,60.04,4.85,Normal
1,80.13,7.9,Alerta
1,85.56,4.68,Alerta
1,71.28,1.42,Normal
1,82.04,3.48,Alerta
1,75.62,1.76,Alerta
1,65.55,4.8,Normal
1,75.61,5.54,Alerta
1,87.38,8.85,Alerta
1,71.64,6.15,Alerta
1,87.65,5.06,Alerta
1,45.8,7.16,Alerta
1,80.22,1.08,Alerta
1,72.87,5.97,Normal
1,69.01,7.04,Alerta
1,72.92,2.54,Normal
1,52.12,7.79,Alerta
1,69.8,6.18,Alerta
1,75.57,4.67,Alerta
1,86.78,6.77,Alerta
1,66.82,10.04,Crítico
1,63.92,5.86,Normal
1,66.98,6.0,Normal
1,81.15,4.58,Alerta
1,75.29,3.8,Alerta
1,66.7,7.16,Alerta
1,77.13,3.79,Alerta
1,72.97,5.64,Normal
1,81.69,4.54,Alerta
1,64.98,6.46,Alerta
1,68.72,6.17,Alerta
1,68.08,7.58,Alerta
1,57.36,4.48,Normal
1,74.96,4.96,Normal
1,74.61,3.54,Normal
1,72.05,4.61,Normal
1,69.65,6.25,Alerta
1,57.85,7.01,Alerta
1,67.79,3.66,Normal
1,68.57,7.24,Alerta
1,63.98,8.21,Alerta
1,70.39,6.33,Alerta
1,76.04,9.25,Alerta
1,90.86,3.95,Crítico
1,73.75,3.01,Normal
1,74.58,1.94,Normal
1,71.26,8.49,Alerta
1,52.81,6.81,Alerta
1,71.73,5.39,Normal
1,72.6,6.06,Alerta
1,96.63,3.25,Crítico
1,70.08,10.39,Crítico
1,75.02,5.76,Alerta
1,71.65,5.72,Normal
1,60.31,6.95,Alerta
1,83.43,6.46,Alerta
1,79.52,5.95,Alerta
1,79.91,3.92,Alerta
1,62.91,6.44,Alerta
1,86.03,9.26,Alerta
1,57.98,8.19,Alerta
1,77.87,8.69,Alerta
1,93.9,4.48,Crítico
1,62.09,3.52,Normal
1,66.34,5.25,Normal
1,73.0,5.61,Normal
1,66.97,7.69,Alerta
1,56.49,2.12,Normal
1,72.69,8.56,Alerta
1,61.38,5.18,Normal
1,76.74,4.65,Alerta
1,62.81,3.48,Normal
1,87.5,2.19,Alerta
1,64.17,7.15,Alerta
1,68.78,5.65,Normal
1,80.14,2.92,Alerta
1,59.69,2.91,Normal
1,74.27,4.83,Normal
1,85.07,8.84,Alerta
1,55.93,4.98,Normal
1,73.85,2.49,Normal
1,74.6,5.01,Normal
1,79.82,4.95,Alerta
1,59.63,0.11,Normal
1,58.8,5.39,Normal
1,77.22,5.04,Alerta
1,74.97,6.89,Alerta
1,74.5,9.2,Crítico
1,75.46,7.75,Alerta
1,65.2,4.96,Normal
1,74.32,3.29,Normal
1,74.93,10.65,Crítico
1,64.86,5.62,Normal
1,90.66,5.53,Crítico
1,76.74,5.45,Alerta
1,60.09,5.9,Normal
1,78.57,5.21,Alerta
1,62.25,4.35,Normal
1,79.87,4.41,Alerta
1,83.59,5.43,Alerta
1,63.79,4.41,Normal
1,81.63,4.07,Alerta
1,76.13,5.71,Alerta
1,80.22,4.99,Alerta
1,90.97,8.51,Alerta
1,69.55,0.2,Normal
1,64.46,7.68,Alerta
1,63.1,7.99,Alerta
1,63.84,1.35,Normal
1,71.23,4.81,Normal
1,75.41,4.76,Alerta
1,74.77,2.68,Normal
1,80.27,3.94,Alerta
1,72.13,3.28,Normal
1,86.54,9.0,Alerta
1,69.35,7.37,Alerta
1,99.2,8.04,Alerta
1,78.26,6.94,Alerta
1,63.43,3.24,Normal
1,61.29,4.45,Normal
1,76.82,6.48,Alerta
1,69.77,3.06,Normal
1,79.14,6.93,Alerta
1,76.73,5.02,Alerta
1,71.27,4.75,Normal
1,63.53,6.92,Alerta
1,56.85,6.39,Alerta
1,67.53,4.78,Normal
1,80.56,7.82,Alerta
1,74.14,3.34,Normal
1,59.54,6.73,Alerta
1,73.73,6.69,Alerta
1,75.85,4.88,Alerta
1,63.16,6.15,Alerta
1,73.54,3.0,Normal
1,72.58,7.35,Alerta
1,60.57,5.13,Normal
1,75.58,4.45,Alerta
1,77.61,7.6,Alerta
1,82.83,4.09,Alerta
1,82.54,2.68,Alerta
1,58.22,2.39,Normal
1,62.62,6.71,Alerta
1,77.15,2.94,Alerta
1,77.14,9.01,Alerta
1,77.15,1.34,Alerta
1,110.53,8.89,Alerta
1,77.71,5.92,Alerta
1,83.36,5.31,Alerta
1,81.54,4.41,Alerta
1,78.51,6.3,Alerta
1,68.85,5.42,Normal
1,79.59,7.71,Alerta
1,64.27,5.73,Normal
1,69.63,5.8,Normal
1,67.15,4.77,Normal
1,72.82,5.39,Normal
1,95.15,6.12,Alerta
1,53.33,2.08,Normal
1,78.86,2.8,Alerta
1,55.87,6.99,Alerta
1,67.28,5.84,Normal
1,82.89,5.13,Alerta
1,72.64,5.54,Normal
1,61.22,6.2,Alerta
1,64.85,4.42,Normal
1,78.8,3.94,Alerta
1,64.7,5.89,Normal
1,74.16,3.54,Normal
1,72.46,6.32,Alerta
1,65.48,2.09,Normal
1,93.44,7.56,Alerta
1,78.34,6.45,Alerta
1,51.75,6.01,Alerta
1,73.86,7.47,Alerta
1,65.38,8.83,Alerta
1,80.52,7.53,Alerta
1,64.07,1.82,Normal
1,70.85,2.94,Normal
1,77.05,4.25,Alerta
1,80.66,5.55,Alerta
1,60.0,6.54,Alerta
1,68.65,4.05,Normal
1,67.25,5.87,Normal
1,65.47,3.99,Normal
1,89.65,4.28,Alerta
1,76.05,2.69,Alerta
1,59.39,3.65,Normal
1,81.18,2.8,Alerta
1,93.22,3.55,Crítico
1,82.32,7.61,Alerta
1,56.81,3.6,Normal
1,67.16,10.76,Crítico
1,84.67,6.49,Alerta
1,64.92,5.87,Normal
1,76.44,3.78,Alerta
1,79.75,6.9,Alerta
1,62.73,4.35,Normal
1,71.4,5.74,Normal
1,39.59,10.62,Crítico
1,61.76,5.31,Normal
1,69.47,7.8,Alerta
1,59.52,4.09,Normal
1,88.32,5.43,Alerta
1,57.7,9.04,Crítico
1,67.6,4.25,Normal
1,73.31,9.12,Crítico
1,86.41,6.92,Alerta
1,57.64,4.38,Normal
1,83.63,6.76,Alerta
1,72.1,7.45,Alerta
1,62.18,6.74,Alerta
1,76.62,2.36,Alerta
1,73.99,4.05,Normal
1,66.0,5.0,Normal
1,72.7,5.35,Normal
1,68.15,6.74,Alerta
1,73.14,5.86,Normal
1,78.62,2.83,Alerta
1,87.86,6.26,Alerta
1,59.62,6.72,Alerta
1,93.33,6.62,Alerta
1,52.48,7.66,Alerta
1,70.48,7.17,Alerta
1,77.88,6.42,Alerta
1,74.81,5.36,Normal
1,65.77,2.18,Normal
1,69.92,6.36,Alerta
1,67.07,5.92,Normal
1,66.11,6.04,Alerta
1,80.5,2.95,Alerta
1,75.57,3.34,Alerta
1,65.07,7.61,Alerta
1,81.0,5.42,Alerta
1,75.07,6.86,Alerta
1,80.13,5.56,Alerta
1,78.3,5.56,Alerta
1,63.71,7.38,Alerta
1,66.4,4.47,Normal
1,79.47,5.69,Alerta
1,78.1,4.58,Alerta
1,71.79,4.63,Normal
1,73.17,4.88,Normal
1,84.78,5.94,Alerta
1,66.08,4.54,Normal
1,77.47,8.01,Alerta
1,69.98,3.71,Normal
1,69.82,5.13,Normal
1,82.99,4.62,Alerta
1,80.25,8.39,Alerta
1,80.14,5.89,Alerta
1,85.05,7.56,Alerta
1,72.21,2.53,Normal
1,78.82,6.03,Alerta
1,68.9,7.28,Alerta
1,75.24,5.66,Alerta
1,70.7,7.63,Alerta
1,72.97,4.47,Normal
1,77.95,8.32,Alerta
1,63.82,10.1,Crítico
1,92.92,4.77,Crítico
1,61.94,4.61,Normal
1,59.86,8.41,Alerta
1,83.58,8.66,Alerta
1,79.92,4.45,Alerta
1,78.24,4.66,Alerta
1,78.28,4.94,Alerta
1,71.88,2.81,Normal
1,63.03,3.66,Normal
1,72.76,3.49,Normal
1,65.23,3.96,Normal
1,81.75,5.43,Alerta
1,70.53,5.97,Normal
1,63.75,8.6,Alerta
1,68.79,3.5,Normal
1,76.13,7.47,Alerta
1,66.36,5.07,Normal
1,63.78,5.4,Normal
1,74.44,6.85,Alerta
1,74.45,3.25,Normal
1,66.93,6.26,Alerta
1,67.29,5.83,Normal
1,74.32,6.48,Alerta
1,57.52,6.08,Alerta
1,57.93,10.41,Crítico
1,64.82,4.22,Normal
1,69.87,4.44,Normal
1,75.11,4.25,Alerta
1,86.75,4.39,Alerta
1,80.58,4.23,Alerta
1,70.4,7.88,Alerta
1,71.81,8.34,Alerta
1,61.97,4.36,Normal
1,71.81,3.84,Normal
1,69.11,6.44,Alerta
1,75.23,4.4,Alerta
1,63.73,6.77,Alerta
1,77.19,5.91,Alerta
1,87.33,2.47,Alerta
1,70.91,8.6,Alerta
1,76.02,9.09,Alerta
1,78.9,4.27,Alerta
1,67.99,4.72,Normal
1,74.24,6.07,Alerta
1,72.13,6.17,Alerta
1,72.98,6.82,Alerta
1,64.27,9.52,Crítico
1,72.25,5.15,Normal
1,76.98,3.9,Alerta
1,86.51,2.74,Alerta
1,81.59,4.04,Alerta
1,93.53,5.43,Crítico
1,64.33,9.09,Crítico
1,80.72,4.46,Alerta
1,73.83,5.95,Normal
1,93.9,5.47,Crítico
1,63.92,7.88,Alerta
1,63.6,10.55,Crítico
1,66.01,4.44,Normal
1,50.76,4.52,Normal
1,66.74,7.59,Alerta
1,64.41,6.86,Alerta
1,73.5,9.19,Crítico
1,75.42,6.67,Alerta
1,90.76,4.78,Crítico
1,81.5,6.68,Alerta
1,66.23,7.72,Alerta
1,63.02,7.14,Alerta
1,76.92,6.51,Alerta
1,58.8,7.63,Alerta
1,90.31,7.84,Alerta
1,83.79,8.26,Alerta
1,67.31,6.8,Alerta
1,54.87,5.17,Normal
1,85.54,5.79,Alerta
1,70.85,7.91,Alerta
1,84.38,3.87,Alerta
1,56.06,6.24,Alerta
1,66.01,4.71,Normal
1,72.05,5.56,Normal
1,72.47,8.06,Alerta
1,67.5,5.88,Normal
1,78.23,5.59,Alerta
1,61.32,2.78,Normal
1,70.58,6.99,Alerta
1,73.2,6.79,Alerta
1,77.14,9.83,Alerta
1,79.12,4.88,Alerta
1,60.75,5.94,Normal
1,56.66,6.0,Normal
1,84.78,8.65,Alerta
1,75.32,5.31,Alerta
1,64.52,6.06,Alerta
1,87.51,6.72,Alerta
1,73.16,5.87,Normal
1,83.79,4.61,Alerta
1,72.68,5.89,Normal
1,92.61,7.65,Alerta
1,89.55,3.45,Alerta
1,69.51,5.77,Normal
1,81.72,4.1,Alerta
1,78.45,7.89,Alerta
1,85.69,2.45,Alerta
1,62.35,4.38,Normal
1,78.86,6.25,Alerta
1,82.58,8.63,Alerta
1,54.41,5.37,Normal
1,60.17,4.39,Normal
1,51.61,9.26,Crítico
1,69.31,2.6,Normal
1,79.18,1.1,Alerta
1,87.02,6.38,Alerta
1,72.74,4.5,Normal
1,88.29,3.46,Alerta
1,58.2,6.92,Alerta
1,54.97,5.99,Normal
1,71.44,4.37,Normal
1,75.84,2.94,Alerta
1,71.67,7.24,Alerta
1,51.33,6.8,Alerta
1,71.11,5.3,Normal
1,58.96,9.19,Crítico
1,78.7,3.36,Alerta
1,75.67,2.45,Alerta
1,62.6,4.12,Normal
1,66.86,5.41,Normal
1,61.41,5.99,Normal
1,71.37,5.02,Normal
1,81.55,6.2,Alerta
1,62.14,3.0,Normal
1,77.04,8.39,Alerta
1,66.7,5.34,Normal
1,64.07,7.73,Alerta
1,70.93,6.19,Alerta
1,61.65,6.41,Alerta
1,66.46,6.64,Alerta
1,60.02,6.4,Alerta
1,91.65,6.79,Alerta
1,72.35,8.16,Alerta
1,65.0,5.89,Normal
1,74.14,6.92,Alerta
1,70.88,5.32,Normal
1,69.79,8.38,Alerta
1,78.14,4.15,Alerta
1,79.58,9.1,Alerta
1,66.69,5.42,Normal
1,66.24,2.64,Normal
1,69.25,5.76,Normal
1,48.98,4.14,Normal
1,56.85,7.18,Alerta
1,85.67,4.19,Alerta
1,88.45,4.61,Alerta
1,69.51,1.72,Normal
1,77.77,4.6,Alerta
1,75.11,0.65,Alerta
1,102.79,2.33,Crítico
1,83.2,7.02,Alerta
1,70.72,7.07,Alerta
1,62.44,6.35,Alerta
1,55.94,3.57,Normal
1,74.03,5.4,Normal
1,64.44,5.49,Normal
1,57.78,3.18,Normal
1,65.53,8.51,Alerta
1,61.18,7.25,Alerta
1,88.87,5.06,Alerta
1,80.82,5.55,Alerta
1,71.92,5.92,Normal
1,86.8,1.42,Alerta
1,72.77,5.01,Normal
1,63.39,4.14,Normal
1,87.23,3.5,Alerta
1,77.39,4.94,Alerta
1,61.63,9.1,Crítico
1,70.1,6.78,Alerta
1,63.24,4.36,Normal
1,58.17,6.65,Alerta
2,87.99,7.56,Alerta
2,83.25,4.9,Alerta
2,74.6,4.36,Normal
2,67.53,5.99,Normal
2,80.98,5.66,Alerta
2,77.93,5.09,Alerta
2,82.95,7.39,Alerta
2,80.35,7.91,Alerta
2,84.5,6.18,Alerta
2,68.65,8.96,Alerta
2,87.17,3.72,Alerta
2,75.98,5.61,Alerta
2,94.75,4.57,Crítico
2,67.11,2.27,Normal
2,91.36,5.83,Crítico
2,75.98,5.76,Alerta
2,67.49,9.03,Crítico
2,69.16,7.26,Alerta
2,70.8,3.95,Normal
2,78.24,9.71,Alerta
2,79.23,8.44,Alerta
2,68.26,7.16,Alerta
2,73.76,5.55,Normal
2,95.42,4.08,Crítico
2,91.28,5.26,Crítico
2,78.36,8.18,Alerta
2,74.38,9.77,Crítico
2,75.2,9.09,Alerta
2,80.14,5.02,Alerta
2,63.77,3.76,Normal
2,71.43,6.28,Alerta
2,57.31,2.46,Normal
2,77.99,6.65,Alerta
2,80.47,5.7,Alerta
2,69.17,5.07,Normal
2,89.74,2.81,Alerta
2,61.74,7.03,Alerta
2,59.36,4.93,Normal
2,76.24,3.66,Alerta
2,84.47,0.26,Alerta
2,90.84,5.94,Crítico
2,69.41,9.54,Crítico
2,84.79,9.32,Alerta
2,73.61,5.09,Normal
2,72.27,4.8,Normal
2,82.84,6.94,Alerta
2,80.52,4.0,Alerta
2,58.24,6.6,Alerta
2,88.77,7.53,Alerta
2,87.8,8.45,Alerta
2,67.74,5.8,Normal
2,77.96,5.59,Alerta
2,78.94,4.24,Alerta
2,76.61,4.35,Alerta
2,68.5,5.55,Normal
2,67.28,6.73,Alerta
2,73.74,7.83,Alerta
2,85.73,4.39,Alerta
2,79.44,8.99,Alerta
2,70.29,5.46,Normal
2,81.72,5.96,Alerta
2,45.51,4.51,Normal
2,85.49,1.15,Alerta
2,56.6,7.77,Alerta
2,70.38,7.47,Alerta
2,62.8,5.44,Normal
2,61.05,6.13,Alerta
2,85.61,7.03,Alerta
2,69.32,2.87,Normal
2,77.47,4.94,Alerta
2,73.53,7.59,Alerta
2,78.77,3.49,Alerta
2,74.77,6.59,Alerta
2,61.17,3.29,Normal
2,83.96,6.93,Alerta
2,69.06,5.93,Normal
2,58.43,2.77,Normal
2,69.72,8.33,Alerta
2,89.01,4.53,Alerta
2,82.5,4.38,Alerta
2,70.51,6.4,Alerta
2,70.51,8.3,Alerta
2,70.78,3.97,Normal
2,94.77,6.12,Alerta
2,77.82,6.86,Alerta
2,78.3,7.39,Alerta
2,84.3,6.35,Alerta
2,76.39,5.27,Alerta
2,71.41,4.34,Normal
2,72.04,6.17,Alerta
2,73.28,3.86,Normal
2,73.63,0.16,Normal
2,81.28,6.87,Alerta
2,74.52,7.81,Alerta
2,81.33,1.27,Alerta
2,73.19,3.98,Normal
2,74.79,7.24,Alerta
2,54.02,10.11,Crítico
2,83.16,6.04,Alerta
2,77.46,4.54,Alerta
2,83.98,5.63,Alerta
2,45.04,8.75,Alerta
2,94.88,4.71,Crítico
2,72.6,4.4,Normal
2,85.08,5.03,Alerta
2,63.6,4.09,Normal
2,80.13,6.25,Alerta
2,63.47,9.25,Crítico
2,67.76,6.65,Alerta
2,93.14,5.5,Crítico
2,72.09,5.42,Normal
2,76.17,2.87,Alerta
2,82.7,7.77,Alerta
2,78.96,5.84,Alerta
2,75.5,5.64,Alerta
2,77.65,12.39,Alerta
2,98.03,6.6,Alerta
2,73.42,4.5,Normal
2,76.01,5.15,Alerta
2,84.51,8.3,Alerta
2,85.06,6.23,Alerta
2,85.87,3.12,Alerta
2,80.39,7.84,Alerta
2,62.57,4.66,Normal
2,90.33,9.75,Crítico
2,62.54,8.16,Alerta
2,77.03,5.11,Alerta
2,66.46,8.56,Alerta
2,73.36,6.14,Alerta
2,77.29,7.71,Alerta
2,77.21,6.97,Alerta
2,78.22,4.31,Alerta
2,90.14,4.71,Crítico
2,78.54,8.06,Alerta
2,71.56,5.33,Normal
2,83.64,5.19,Alerta
2,85.89,4.09,Alerta
2,61.72,6.85,Alerta
2,79.97,10.13,Alerta
2,81.01,3.86,Alerta
2,71.02,6.05,Alerta
2,87.76,8.82,Alerta
2,72.5,5.84,Normal
2,75.26,6.9,Alerta
2,72.27,3.88,Normal
2,74.16,6.86,Alerta
2,63.04,5.63,Normal
2,59.6,7.97,Alerta
2,89.95,8.37,Alerta
2,65.53,11.18,Crítico
2,64.09,7.16,Alerta
2,52.47,6.65,Alerta
2,67.61,6.39,Alerta
2,60.77,5.29,Normal
2,90.42,6.68,Alerta
2,84.1,5.41,Alerta
2,67.12,6.34,Alerta
2,96.52,8.64,Alerta
2,83.82,3.99,Alerta
2,70.75,8.28,Alerta
2,49.01,8.63,Alerta
2,96.91,5.76,Crítico
2,60.1,1.76,Normal
2,57.55,4.78,Normal
2,84.23,8.59,Alerta
2,98.4,5.95,Crítico
2,87.84,4.0,Alerta
2,79.64,4.99,Alerta
2,79.95,7.68,Alerta
2,82.53,7.09,Alerta
2,81.59,5.52,Alerta
2,76.81,5.27,Alerta
2,75.04,5.22,Alerta
2,73.37,4.16,Normal
2,66.46,9.23,Crítico
2,71.19,5.36,Normal
2,57.07,8.43,Alerta
2,73.02,9.04,Crítico
2,64.11,8.0,Alerta
2,62.96,5.14,Normal
2,75.8,6.81,Alerta
2,87.92,5.95,Alerta
2,83.18,4.19,Alerta
2,58.29,6.65,Alerta
2,64.1,3.64,Normal
2,83.41,8.38,Alerta
2,64.18,5.07,Normal
2,71.75,6.4,Alerta
2,79.5,6.57,Alerta
2,64.32,5.48,Normal
2,75.05,7.17,Alerta
2,60.66,5.05,Normal
2,67.99,7.74,Alerta
2,77.2,3.31,Alerta
2,58.07,6.25,Alerta
2,78.4,9.88,Alerta
2,73.8,4.0,Normal
2,79.52,4.64,Alerta
2,76.24,7.03,Alerta
2,87.64,6.36,Alerta
2,75.25,6.7,Alerta
2,69.71,6.98,Alerta
2,75.22,7.27,Alerta
2,79.43,8.22,Alerta
2,74.49,6.82,Alerta
2,74.41,5.52,Normal
2,66.98,7.35,Alerta
2,67.37,9.8,Crítico
2,59.97,5.73,Normal
2,91.5,4.05,Crítico
2,61.56,8.21,Alerta
2,67.07,5.76,Normal
2,66.82,1.65,Normal
2,82.95,7.69,Alerta
2,71.05,4.93,Normal
2,86.48,5.82,Alerta
2,67.27,6.66,Alerta
2,76.79,6.38,Alerta
2,65.65,7.42,Alerta
2,95.45,5.13,Crítico
2,62.12,7.03,Alerta
2,77.1,5.48,Alerta
2,80.34,7.48,Alerta
2,78.14,7.23,Alerta
2,72.15,4.13,Normal
2,72.7,8.17,Alerta
2,74.44,4.93,Normal
2,72.53,7.62,Alerta
2,83.64,6.73,Alerta
2,96.11,9.68,Crítico
2,68.43,5.55,Normal
2,60.3,5.3,Normal
2,73.12,5.96,Normal
2,99.8,5.39,Crítico
2,65.96,7.6,Alerta
2,90.39,2.77,Crítico
2,90.78,3.89,Crítico
2,68.46,3.86,Normal
2,79.69,7.9,Alerta
2,90.28,9.42,Crítico
2,70.21,5.79,Normal
2,71.96,5.66,Normal
2,68.18,6.14,Alerta
2,63.85,8.32,Alerta
2,67.51,4.15,Normal
2,61.76,6.48,Alerta
2,74.34,7.95,Alerta
2,66.3,7.0,Alerta
2,76.34,6.38,Alerta
2,58.44,8.0,Alerta
2,77.31,0.59,Alerta
2,82.34,7.36,Alerta
2,54.06,4.69,Normal
2,77.74,2.34,Alerta
2,86.28,7.02,Alerta
2,61.9,8.75,Alerta
2,90.73,5.73,Crítico
2,78.19,7.91,Alerta
2,66.95,9.22,Crítico
2,73.44,8.63,Alerta
2,79.58,9.28,Alerta
2,74.76,7.48,Alerta
2,79.39,6.15,Alerta
2,64.79,2.8,Normal
2,75.69,5.51,Alerta
2,59.86,4.31,Normal
2,72.89,10.34,Crítico
2,64.96,5.65,Normal
2,66.64,6.25,Alerta
2,86.36,7.1,Alerta
2,84.91,6.09,Alerta
2,80.09,9.39,Alerta
2,63.08,4.75,Normal
2,70.84,6.39,Alerta
2,86.13,4.52,Alerta
2,75.42,3.36,Alerta
2,97.19,4.78,Crítico
2,77.93,5.93,Alerta
2,75.92,5.14,Alerta
2,70.91,4.62,Normal
2,75.34,3.19,Alerta
2,72.48,5.83,Normal
2,81.08,2.99,Alerta
2,83.57,7.52,Alerta
2,66.14,6.16,Alerta
2,60.69,3.08,Normal
2,55.64,5.38,Normal
2,79.08,4.5,Alerta
2,62.97,6.64,Alerta
2,52.47,8.68,Alerta
2,77.89,2.25,Alerta
2,98.93,6.23,Alerta
2,73.94,5.68,Normal
2,82.38,7.34,Alerta
2,74.82,6.43,Alerta
2,73.01,4.5,Normal
2,83.19,5.36,Alerta
2,71.1,4.41,Normal
2,76.67,8.15,Alerta
2,77.22,6.04,Alerta
2,67.32,9.8,Crítico
2,83.92,5.88,Alerta
2,72.25,4.58,Normal
2,66.44,2.97,Normal
2,79.37,2.39,Alerta
2,65.02,2.83,Normal
2,74.28,6.53,Alerta
2,73.91,7.02,Alerta
2,84.86,2.84,Alerta
2,78.75,7.79,Alerta
2,73.75,5.03,Normal
2,82.18,6.29,Alerta
2,87.9,9.22,Alerta
2,79.58,7.79,Alerta
2,74.1,5.46,Normal
2,60.88,4.22,Normal
2,63.35,1.7,Normal
2,70.95,4.56,Normal
2,67.9,5.58,Normal
2,72.13,4.03,Normal
2,74.57,5.74,Normal
2,79.3,6.15,Alerta
2,73.3,5.55,Normal
2,78.87,4.7,Alerta
2,74.64,6.34,Alerta
2,54.25,6.88,Alerta
2,64.61,3.82,Normal
2,72.56,8.82,Alerta
2,61.9,5.8,Normal
2,80.0,6.04,Alerta
2,89.31,7.42,Alerta
2,86.19,6.47,Alerta
2,71.87,7.91,Alerta
2,88.91,6.57,Alerta
2,75.49,4.78,Alerta
2,70.63,6.72,Alerta
2,67.87,3.71,Normal
2,70.98,6.22,Alerta
2,70.12,5.93,Normal
2,75.7,5.58,Alerta
2,75.61,5.74,Alerta
2,74.03,2.24,Normal
2,78.37,4.9,Alerta
2,85.91,6.19,Alerta
2,83.5,6.32,Alerta
2,59.15,3.94,Normal
2,48.46,8.53,Alerta
2,83.34,4.27,Alerta
2,60.33,7.94,Alerta
2,71.75,6.85,Alerta
2,62.3,4.71,Normal
2,55.98,9.55,Crítico
2,79.41,3.61,Alerta
2,81.59,7.84,Alerta
2,68.23,8.0,Alerta
2,48.09,4.66,Normal
2,68.54,8.78,Alerta
2,77.92,5.5,Alerta
2,59.21,6.58,Alerta
2,75.83,6.52,Alerta
2,73.85,5.73,Normal
2,79.79,7.62,Alerta
2,75.2,7.59,Alerta
2,64.27,2.5,Normal
2,85.97,8.61,Alerta
2,72.41,2.68,Normal
2,73.73,8.07,Alerta
2,64.67,8.25,Alerta
2,69.57,3.82,Normal
2,65.15,5.18,Normal
2,72.27,3.79,Normal
2,91.12,5.57,Crítico
2,60.28,5.38,Normal
2,57.86,7.56,Alerta
2,88.71,8.62,Alerta
2,71.91,8.79,Alerta
2,67.31,4.88,Normal
2,84.4,5.58,Alerta
2,67.94,2.63,Normal
2,92.26,4.39,Crítico
2,80.78,7.93,Alerta
2,69.12,9.23,Crítico
2,95.57,3.53,Crítico
2,67.94,4.82,Normal
2,81.42,5.95,Alerta
2,76.99,6.56,Alerta
2,87.02,4.38,Alerta
2,89.62,6.85,Alerta
2,74.32,5.05,Normal
2,66.47,5.97,Normal
2,78.6,7.09,Alerta
2,67.22,6.01,Alerta
2,94.13,5.13,Crítico
2,75.37,5.78,Alerta
2,70.35,5.82,Normal
2,75.85,5.26,Alerta
2,60.53,5.48,Normal
2,64.28,9.2,Crítico
2,86.0,7.12,Alerta
2,67.43,5.41,Normal
2,63.53,7.39,Alerta
2,79.37,5.33,Alerta
2,85.86,8.35,Alerta
2,81.19,6.74,Alerta
2,83.96,5.79,Alerta
2,66.43,6.9,Alerta
2,59.78,2.86,Normal
2,89.01,3.75,Alerta
2,70.77,3.61,Normal
2,71.49,6.29,Alerta
2,87.28,9.47,Alerta
2,79.56,10.46,Alerta
2,78.56,7.28,Alerta
2,95.65,7.0,Alerta
2,67.56,2.4,Normal
2,83.28,4.91,Alerta
2,74.57,4.42,Normal
2,76.69,4.76,Alerta
2,89.28,5.66,Alerta
2,79.08,5.06,Alerta
2,79.38,2.04,Alerta
2,84.73,7.5,Alerta
2,70.35,3.85,Normal
2,65.61,6.48,Alerta
2,63.55,10.15,Crítico
2,54.34,4.16,Normal
2,94.56,0.94,Crítico
2,62.97,5.43,Normal
2,71.79,8.2,Alerta
2,71.23,9.92,Crítico
2,77.07,3.54,Alerta
2,82.16,6.99,Alerta
2,82.6,5.07,Alerta
2,68.17,5.79,Normal
2,72.33,11.29,Crítico
2,76.83,2.99,Alerta
2,71.51,6.51,Alerta
2,90.07,6.94,Alerta
2,78.91,8.17,Alerta
2,81.35,6.2,Alerta
2,80.63,6.62,Alerta
2,85.73,5.22,Alerta
2,75.81,6.54,Alerta
2,61.03,5.31,Normal
2,78.0,7.24,Alerta
2,67.49,5.26,Normal
2,68.71,6.75,Alerta
2,79.86,5.94,Alerta
2,86.38,8.25,Alerta
2,74.21,5.9,Normal
2,77.09,2.45,Alerta
2,91.02,8.52,Alerta
2,76.41,4.19,Alerta
2,100.02,4.69,Crítico
2,79.66,4.81,Alerta
2,56.39,8.75,Alerta
2,81.53,1.73,Alerta
2,77.81,12.28,Alerta
2,86.9,8.11,Alerta
2,80.73,6.45,Alerta
2,72.62,5.89,Normal
2,61.76,6.57,Alerta
2,71.91,7.04,Alerta
2,65.49,7.29,Alerta
2,68.19,7.11,Alerta
2,79.89,6.18,Alerta
2,90.7,5.61,Crítico
2,77.95,5.7,Alerta
2,62.04,5.61,Normal
2,78.45,8.27,Alerta
2,85.97,7.19,Alerta
2,67.9,0.12,Normal
2,72.66,7.31,Alerta
2,74.15,6.39,Alerta
2,66.15,5.96,Normal
2,80.48,5.22,Alerta
2,72.79,8.25,Alerta
2,78.2,7.9,Alerta
2,65.13,4.45,Normal
2,69.63,6.81,Alerta
2,81.22,4.06,Alerta
2,70.27,3.24,Normal
2,91.27,4.75,Crítico
2,70.0,7.72,Alerta
2,76.25,7.91,Alerta
2,83.33,7.03,Alerta
2,59.82,7.45,Alerta
2,56.39,7.03,Alerta
2,58.74,4.72,Normal
2,86.63,6.86,Alerta
2,68.48,7.6,Alerta
2,99.58,7.51,Alerta
2,68.36,8.38,Alerta
2,75.85,7.42,Alerta
2,89.42,6.7,Alerta
2,94.06,8.14,Alerta
2,94.62,5.95,Crítico
2,86.08,4.24,Alerta
2,84.24,5.67,Alerta
2,79.93,4.51,Alerta
3,69.25,7.64,Alerta
3,74.55,8.44,Alerta
3,68.08,5.84,Normal
3,72.92,5.28,Normal
3,57.06,4.33,Normal
3,78.13,4.85,Alerta
3,76.01,12.4,Alerta
3,67.83,8.99,Alerta
3,82.59,3.8,Alerta
3,85.38,3.86,Alerta
3,59.92,7.46,Alerta
3,68.37,7.59,Alerta
3,68.31,7.6,Alerta
3,66.6,5.99,Normal
3,84.29,6.25,Alerta
3,74.06,7.16,Alerta
3,73.35,6.67,Alerta
3,55.96,2.06,Normal
3,82.35,6.04,Alerta
3,63.61,4.8,Normal
3,76.6,6.85,Alerta
3,78.77,12.47,Alerta
3,89.61,7.23,Alerta
3,62.91,5.87,Normal
3,45.8,8.34,Alerta
3,77.84,7.47,Alerta
3,94.01,7.34,Alerta
3,88.39,7.71,Alerta
3,78.1,10.61,Alerta
3,71.08,4.24,Normal
3,84.07,7.45,Alerta
3,66.26,4.65,Normal
3,80.76,7.61,Alerta
3,81.05,4.66,Alerta
3,86.6,5.67,Alerta
3,103.6,5.91,Crítico
3,79.92,8.45,Alerta
3,70.91,8.34,Alerta
3,75.74,4.01,Alerta
3,58.31,6.61,Alerta
3,69.05,5.08,Normal
3,71.91,3.98,Normal
3,70.76,6.07,Alerta
3,77.52,5.88,Alerta
3,67.78,11.35,Crítico
3,87.21,7.37,Alerta
3,76.0,3.74,Alerta
3,75.91,5.37,Alerta
3,72.72,8.54,Alerta
3,77.55,10.68,Alerta
3,84.25,3.33,Alerta
3,67.33,2.74,Normal
3,69.42,10.24,Crítico
3,72.96,7.28,Alerta
3,62.54,4.76,Normal
3,67.81,7.57,Alerta
3,71.24,1.23,Normal
3,84.74,6.51,Alerta
3,78.63,7.16,Alerta
3,77.94,8.35,Alerta
3,84.51,4.47,Alerta
3,74.63,6.67,Alerta
3,79.9,4.65,Alerta
3,74.97,7.01,Alerta
3,78.65,4.71,Alerta
3,70.17,5.68,Normal
3,51.61,4.51,Normal
3,74.66,7.8,Alerta
3,90.23,8.22,Alerta
3,85.26,6.03,Alerta
3,85.65,6.58,Alerta
3,88.36,3.6,Alerta
3,76.89,5.9,Alerta
3,77.97,6.4,Alerta
3,69.82,11.74,Crítico
3,72.84,4.28,Normal
3,82.16,9.43,Alerta
3,88.04,8.49,Alerta
3,74.61,7.06,Alerta
3,71.5,10.02,Crítico
3,76.01,7.24,Alerta
3,82.01,7.28,Alerta
3,61.56,6.39,Alerta
3,53.04,8.95,Alerta
3,70.49,8.69,Alerta
3,63.79,5.25,Normal
3,70.92,3.86,Normal
3,74.52,6.09,Alerta
3,71.47,4.9,Normal
3,90.52,6.37,Alerta
3,79.27,8.97,Alerta
3,79.0,5.59,Alerta
3,82.22,6.41,Alerta
3,64.61,6.62,Alerta
3,86.39,8.2,Alerta
3,75.24,2.01,Alerta
3,82.7,5.29,Alerta
3,65.28,6.92,Alerta
3,60.46,8.9,Alerta
3,84.18,5.52,Alerta
3,79.76,2.75,Alerta
3,66.98,7.74,Alerta
3,67.3,5.23,Normal
3,87.25,4.12,Alerta
3,64.11,5.25,Normal
3,92.43,6.13,Alerta
3,66.99,5.29,Normal
3,82.38,2.09,Alerta
3,72.71,8.29,Alerta
3,82.03,9.05,Alerta
3,70.56,7.8,Alerta
3,74.37,4.22,Normal
3,76.41,6.1,Alerta
3,65.98,6.49,Alerta
3,83.41,7.7,Alerta
3,70.87,7.84,Alerta
3,73.71,5.03,Normal
3,66.06,6.66,Alerta
3,50.38,7.41,Alerta
3,74.09,9.41,Crítico
3,100.13,7.91,Alerta
3,83.85,8.08,Alerta
3,75.81,6.67,Alerta
3,73.37,9.32,Crítico
3,76.22,7.32,Alerta
3,81.47,4.78,Alerta
3,64.19,9.31,Crítico
3,87.14,7.9,Alerta
3,83.15,5.61,Alerta
3,83.18,5.54,Alerta
3,80.38,7.09,Alerta
3,76.2,7.43,Alerta
3,82.73,6.89,Alerta
3,81.92,7.12,Alerta
3,72.46,9.9,Crítico
3,70.26,8.64,Alerta
3,77.02,6.88,Alerta
3,91.49,8.38,Alerta
3,63.61,4.43,Normal
3,61.32,7.3,Alerta
3,77.65,10.12,Alerta
3,76.51,6.06,Alerta
3,77.73,4.8,Alerta
3,78.44,5.2,Alerta
3,73.77,4.32,Normal
3,90.9,4.93,Crítico
3,59.99,5.76,Normal
3,67.72,3.69,Normal
3,74.97,6.53,Alerta
3,59.57,8.3,Alerta
3,74.24,4.68,Normal
3,92.61,9.54,Crítico
3,76.21,7.52,Alerta
3,78.31,8.56,Alerta
3,63.4,5.18,Normal
3,69.84,8.21,Alerta
3,72.25,4.32,Normal
3,72.82,8.28,Alerta
3,88.82,6.84,Alerta
3,81.58,7.61,Alerta
3,64.89,4.15,Normal
3,78.47,4.71,Alerta
3,80.98,7.69,Alerta
3,87.4,4.6,Alerta
3,91.81,7.43,Alerta
3,65.85,3.77,Normal
3,67.89,8.2,Alerta
3,63.42,4.03,Normal
3,73.66,7.6,Alerta
3,80.66,7.75,Alerta
3,85.87,5.11,Alerta
3,75.24,7.66,Alerta
3,72.8,7.02,Alerta
3,77.52,5.42,Alerta
3,67.65,4.48,Normal
3,96.9,2.57,Crítico
3,59.92,7.2,Alerta
3,77.85,3.37,Alerta
3,96.24,6.69,Alerta
3,76.07,5.97,Alerta
3,74.1,7.86,Alerta
3,72.43,5.9,Normal
3,74.2,5.84,Normal
3,89.73,7.96,Alerta
3,53.88,7.17,Alerta
3,91.33,7.13,Alerta
3,61.76,7.44,Alerta
3,73.33,3.43,Normal
3,71.71,8.01,Alerta
3,81.89,7.72,Alerta
3,60.02,4.47,Normal
3,80.62,6.01,Alerta
3,96.24,6.42,Alerta
3,62.37,6.23,Alerta
3,77.9,7.17,Alerta
3,69.38,9.36,Crítico
3,80.26,8.66,Alerta
3,76.19,3.88,Alerta
3,69.59,7.74,Alerta
3,80.88,9.16,Alerta
3,94.04,7.27,Alerta
3,74.09,8.68,Alerta
3,83.2,10.52,Alerta
3,63.07,8.55,Alerta
3,66.44,7.0,Alerta
3,80.72,8.59,Alerta
3,90.84,6.79,Alerta
3,79.56,6.55,Alerta
3,72.87,5.8,Normal
3,75.99,9.63,Alerta
3,63.5,4.86,Normal
3,82.05,9.56,Alerta
3,84.82,7.5,Alerta
3,71.48,3.7,Normal
3,71.3,7.24,Alerta
3,78.66,2.3,Alerta
3,71.63,7.75,Alerta
3,75.34,8.27,Alerta
3,97.0,5.32,Crítico
3,73.53,6.75,Alerta
3,72.42,10.41,Crítico
3,69.52,5.49,Normal
3,83.44,4.38,Alerta
3,74.19,9.46,Crítico
3,69.51,10.43,Crítico
3,89.21,6.51,Alerta
3,90.2,8.52,Alerta
3,70.0,9.18,Crítico
3,57.33,5.02,Normal
3,86.08,5.53,Alerta
3,69.15,8.96,Alerta
3,83.91,9.87,Alerta
3,56.3,7.63,Alerta
3,84.93,4.74,Alerta
3,63.89,10.47,Crítico
3,83.31,5.44,Alerta
3,76.14,5.83,Alerta
3,66.46,7.18,Alerta
3,71.93,9.61,Crítico
3,82.86,8.21,Alerta
3,77.06,7.33,Alerta
3,81.84,7.43,Alerta
3,95.76,6.59,Alerta
3,60.36,7.62,Alerta
3,92.17,1.44,Crítico
3,77.04,5.91,Alerta
3,67.01,6.98,Alerta
3,62.7,4.2,Normal
3,74.11,7.27,Alerta
3,85.22,6.09,Alerta
3,74.72,10.01,Crítico
3,91.11,9.65,Crítico
3,61.49,5.57,Normal
3,75.88,6.2,Alerta
3,63.48,6.35,Alerta
3,79.64,5.6,Alerta
3,84.87,6.89,Alerta
3,71.79,4.98,Normal
3,49.96,4.24,Normal
3,77.99,7.75,Alerta
3,80.37,7.76,Alerta
3,80.04,4.89,Alerta
3,88.36,8.29,Alerta
3,65.29,5.24,Normal
3,82.8,7.01,Alerta
3,87.93,8.14,Alerta
3,58.21,6.43,Alerta
3,79.2,7.41,Alerta
3,70.96,5.47,Normal
3,75.18,6.11,Alerta
3,79.48,6.09,Alerta
3,71.13,5.01,Normal
3,69.24,6.15,Alerta
3,76.34,3.4,Alerta
3,65.13,5.52,Normal
3,65.14,5.93,Normal
3,82.79,5.99,Alerta
3,64.51,6.02,Alerta
3,82.66,6.38,Alerta
3,80.63,7.46,Alerta
3,58.74,8.25,Alerta
3,69.22,5.2,Normal
3,87.94,4.09,Alerta
3,66.19,4.42,Normal
3,71.36,5.53,Normal
3,80.62,5.8,Alerta
3,83.83,4.96,Alerta
3,73.48,3.91,Normal
3,70.02,5.59,Normal
3,90.22,6.86,Alerta
3,93.39,7.69,Alerta
3,85.79,5.39,Alerta
3,76.85,5.67,Alerta
3,67.92,4.65,Normal
3,67.7,6.44,Alerta
3,81.23,4.8,Alerta
3,80.18,7.65,Alerta
3,90.02,2.93,Crítico
3,82.5,5.78,Alerta
3,60.97,7.1,Alerta
3,86.52,6.87,Alerta
3,66.02,11.89,Crítico
3,72.16,7.2,Alerta
3,78.5,4.49,Alerta
3,95.96,6.31,Alerta
3,107.1,2.95,Crítico
3,82.07,6.34,Alerta
3,74.17,4.83,Normal
3,81.35,8.33,Alerta
3,84.88,5.4,Alerta
3,72.79,6.27,Alerta
3,93.95,5.23,Crítico
3,78.3,9.98,Alerta
3,80.98,5.86,Alerta
3,82.66,10.17,Alerta
3,80.22,8.13,Alerta
3,84.39,7.46,Alerta
3,69.83,7.24,Alerta
3,70.42,7.29,Alerta
3,65.0,2.64,Normal
3,80.4,5.94,Alerta
3,83.79,8.19,Alerta
3,80.58,6.4,Alerta
3,92.74,3.69,Crítico
3,75.94,6.4,Alerta
3,82.69,9.91,Alerta
3,65.08,8.99,Alerta
3,72.13,6.38,Alerta
3,82.96,8.4,Alerta
3,84.49,5.77,Alerta
3,73.06,3.09,Normal
3,75.28,4.65,Alerta
3,60.82,9.63,Crítico
3,72.43,5.95,Normal
3,84.9,6.01,Alerta
3,81.75,5.9,Alerta
3,81.01,10.31,Alerta
3,76.5,9.75,Alerta
3,76.07,10.94,Alerta
3,69.4,6.18,Alerta
3,82.99,7.09,Alerta
3,80.21,3.47,Alerta
3,80.92,9.45,Alerta
3,70.74,4.16,Normal
3,54.47,6.93,Alerta
3,86.97,4.31,Alerta
3,71.21,5.32,Normal
3,67.37,4.83,Normal
3,82.93,5.28,Alerta
3,72.08,5.42,Normal
3,86.6,5.4,Alerta
3,82.17,8.17,Alerta
3,82.84,4.29,Alerta
3,62.34,6.94,Alerta
3,88.12,8.94,Alerta
3,78.61,5.47,Alerta
3,72.31,5.06,Normal
3,77.43,6.04,Alerta
3,58.24,8.86,Alerta
3,80.09,6.89,Alerta
3,65.71,5.44,Normal
3,62.47,7.47,Alerta
3,60.78,4.3,Normal
3,87.13,7.86,Alerta
3,69.71,7.32,Alerta
3,91.34,5.88,Crítico
3,70.64,4.82,Normal
3,58.93,4.73,Normal
3,64.83,7.57,Alerta
3,88.36,8.96,Alerta
3,74.44,5.23,Normal
3,70.52,7.42,Alerta
3,77.6,2.33,Alerta
3,81.02,5.33,Alerta
3,87.17,6.44,Alerta
3,90.48,4.68,Crítico
3,72.4,4.63,Normal
3,62.74,5.16,Normal
3,71.87,7.08,Alerta
3,78.6,6.13,Alerta
3,66.36,2.02,Normal
3,66.43,2.26,Normal
3,79.44,5.29,Alerta
3,75.51,7.42,Alerta
3,76.33,1.0,Alerta
3,68.42,5.5,Normal
3,73.7,5.45,Normal
3,66.76,9.28,Crítico
3,84.9,5.73,Alerta
3,86.35,7.27,Alerta
3,57.54,6.78,Alerta
3,66.7,2.24,Normal
3,61.03,8.04,Alerta
3,69.5,6.93,Alerta
3,75.17,7.52,Alerta
3,61.5,14.35,Crítico
3,66.78,2.33,Normal
3,65.96,9.95,Crítico
3,78.07,5.93,Alerta
3,76.69,7.07,Alerta
3,68.78,6.41,Alerta
3,77.77,5.65,Alerta
3,70.53,5.36,Normal
3,73.28,7.16,Alerta
3,92.73,3.47,Crítico
3,89.4,8.0,Alerta
3,63.0,5.67,Normal
3,84.3,4.24,Alerta
3,84.11,5.6,Alerta
3,64.52,9.01,Crítico
3,84.19,5.43,Alerta
3,91.38,7.22,Alerta
3,64.77,5.04,Normal
3,66.82,8.02,Alerta
3,86.18,7.87,Alerta
3,78.71,10.2,Alerta
3,81.51,6.15,Alerta
3,79.41,7.84,Alerta
3,79.91,6.7,Alerta
3,62.74,9.09,Crítico
3,86.47,5.06,Alerta
3,87.7,7.99,Alerta
3,73.71,6.11,Alerta
3,75.57,6.37,Alerta
3,60.69,6.68,Alerta
3,81.14,7.0,Alerta
3,81.72,6.27,Alerta
3,75.38,6.93,Alerta
3,87.24,9.66,Alerta
3,72.66,8.47,Alerta
3,81.65,8.24,Alerta
3,65.8,5.59,Normal
3,75.76,4.72,Alerta
3,74.26,8.41,Alerta
3,78.25,8.25,Alerta
3,72.3,9.45,Crítico
3,74.69,5.29,Normal
3,84.26,6.04,Alerta
3,71.63,3.22,Normal
3,59.93,5.72,Normal
3,93.5,8.49,Alerta
3,89.81,5.57,Alerta
3,63.08,7.78,Alerta
3,82.9,6.12,Alerta
3,70.97,7.15,Alerta
3,78.63,4.2,Alerta
3,78.94,6.67,Alerta
3,73.66,0.52,Normal
3,68.16,6.13,Alerta
3,69.09,3.24,Normal
3,66.84,8.91,Alerta
3,67.68,8.05,Alerta
3,75.33,7.43,Alerta
3,68.84,9.54,Crítico
3,82.82,4.6,Alerta
3,90.87,9.99,Crítico
3,70.2,8.36,Alerta
3,78.39,6.03,Alerta
3,81.0,8.77,Alerta
3,80.72,4.29,Alerta
3,76.76,4.85,Alerta
3,83.43,5.28,Alerta
3,80.82,5.44,Alerta
3,63.62,4.39,Normal
3,84.69,8.95,Alerta
3,84.87,5.98,Alerta
3,68.37,7.21,Alerta
3,76.38,5.36,Alerta
3,82.83,2.86,Alerta
3,73.91,7.04,Alerta
3,86.73,2.68,Alerta
3,99.64,6.36,Alerta
3,68.14,3.76,Normal
3,62.19,10.47,Crítico
3,79.04,8.32,Alerta
3,83.22,6.71,Alerta
3,73.69,9.03,Crítico
3,90.53,4.81,Crítico
3,62.61,7.59,Alerta
3,82.93,6.9,Alerta
3,69.94,7.03,Alerta
3,93.19,9.04,Crítico
3,95.93,7.96,Alerta
3,68.33,7.08,Alerta
3,70.5,3.19,Normal
3,84.6,4.58,Alerta
3,72.13,6.25,Alerta
3,75.55,6.69,Alerta
3,76.25,4.24,Alerta
3,56.8,11.32,Crítico
3,75.86,9.53,Alerta
3,69.1,7.7,Alerta
3,71.07,6.64,Alerta
3,90.44,6.08,Alerta
3,63.43,4.6,Normal
3,84.13,6.65,Alerta
3,73.21,7.02,Alerta
3,73.2,4.02,Normal
3,83.9,7.17,Alerta
3,79.4,6.19,Alerta
4,58.92,9.36,Crítico
4,69.4,5.75,Normal
4,73.86,7.09,Alerta
4,96.88,7.1,Alerta
4,83.57,6.0,Alerta
4,64.65,4.26,Normal
4,82.86,7.65,Alerta
4,62.53,6.88,Alerta
4,88.83,8.0,Alerta
4,73.29,5.93,Normal
4,77.06,9.44,Alerta
4,91.26,5.25,Crítico
4,65.13,10.42,Crítico
4,64.03,3.5,Normal
4,72.16,7.87,Alerta
4,88.38,7.95,Alerta
4,62.81,5.41,Normal
4,49.68,7.85,Alerta
4,73.49,9.56,Crítico
4,83.52,2.57,Alerta
4,90.0,8.01,Alerta
4,73.37,2.01,Normal
4,73.89,5.07,Normal
4,89.54,10.26,Alerta
4,59.3,5.84,Normal
4,74.11,4.65,Normal
4,79.9,6.6,Alerta
4,82.49,11.14,Alerta
4,72.9,3.34,Normal
4,78.34,4.9,Alerta
4,53.12,9.99,Crítico
4,71.42,10.72,Crítico
4,82.54,6.79,Alerta
4,68.18,4.52,Normal
4,78.59,11.19,Alerta
4,82.47,10.19,Alerta
4,74.57,8.36,Alerta
4,79.7,5.38,Alerta
4,68.37,6.9,Alerta
4,75.93,6.68,Alerta
4,84.1,7.66,Alerta
4,79.57,9.9,Alerta
4,72.13,8.76,Alerta
4,80.24,4.85,Alerta
4,85.15,9.75,Alerta
4,57.5,7.63,Alerta
4,89.59,8.37,Alerta
4,74.64,9.93,Crítico
4,82.25,4.78,Alerta
4,89.97,6.93,Alerta
4,64.28,5.94,Normal
4,70.91,3.86,Normal
4,75.11,7.69,Alerta
4,70.16,12.02,Crítico
4,95.35,3.32,Crítico
4,69.43,6.94,Alerta
4,72.44,8.28,Alerta
4,80.04,7.25,Alerta
4,65.98,6.77,Alerta
4,74.04,4.4,Normal
4,81.17,7.47,Alerta
4,74.67,5.49,Normal
4,77.07,2.62,Alerta
4,72.71,9.39,Crítico
4,62.86,8.92,Alerta
4,81.22,7.1,Alerta
4,95.55,7.46,Alerta
4,78.18,9.15,Alerta
4,80.25,7.45,Alerta
4,84.93,8.81,Alerta
4,65.31,6.41,Alerta
4,95.03,9.62,Crítico
4,80.02,7.64,Alerta
4,94.32,7.39,Alerta
4,70.67,4.46,Normal
4,96.18,7.57,Alerta
4,85.75,5.34,Alerta
4,83.53,5.72,Alerta
4,80.34,5.37,Alerta
4,75.51,4.87,Alerta
4,90.01,11.25,Crítico
4,79.4,9.66,Alerta
4,58.33,10.84,Crítico
4,66.83,4.55,Normal
4,76.14,7.14,Alerta
4,81.1,4.41,Alerta
4,77.43,5.61,Alerta
4,90.19,5.16,Crítico
4,58.49,9.48,Crítico
4,79.44,6.21,Alerta
4,59.82,9.14,Crítico
4,85.6,8.21,Alerta
4,77.06,11.61,Alerta
4,82.2,4.04,Alerta
4,69.36,9.52,Crítico
4,90.79,9.29,Crítico
4,88.42,5.05,Alerta
4,83.84,9.01,Alerta
4,76.7,7.67,Alerta
4,83.8,6.55,Alerta
4,70.93,5.35,Normal
4,86.56,5.56,Alerta
4,94.49,11.1,Crítico
4,88.71,7.0,Alerta
4,70.7,8.56,Alerta
4,81.61,5.42,Alerta
4,65.07,5.44,Normal
4,83.72,9.16,Alerta
4,82.51,4.3,Alerta
4,59.3,6.17,Alerta
4,66.38,7.07,Alerta
4,75.17,7.22,Alerta
4,74.99,6.64,Alerta
4,65.91,7.79,Alerta
4,81.89,8.39,Alerta
4,80.51,8.47,Alerta
4,76.06,5.03,Alerta
4,70.44,6.43,Alerta
4,88.49,9.39,Alerta
4,94.55,8.79,Alerta
4,73.16,4.25,Normal
4,71.88,7.7,Alerta
4,82.91,3.04,Alerta
4,74.42,7.09,Alerta
4,76.61,10.8,Alerta
4,85.4,5.1,Alerta
4,58.91,5.33,Normal
4,91.18,8.53,Alerta
4,78.73,3.91,Alerta
4,73.89,5.73,Normal
4,77.11,8.19,Alerta
4,77.62,5.73,Alerta
4,60.69,6.53,Alerta
4,92.95,8.49,Alerta
4,78.41,7.84,Alerta
4,82.43,7.53,Alerta
4,87.52,6.32,Alerta
4,67.79,7.74,Alerta
4,82.73,6.75,Alerta
4,75.32,7.92,Alerta
4,86.47,6.01,Alerta
4,56.73,6.63,Alerta
4,77.01,5.02,Alerta
4,71.97,6.93,Alerta
4,82.32,5.38,Alerta
4,82.7,4.77,Alerta
4,70.92,7.52,Alerta
4,70.88,7.43,Alerta
4,76.89,8.57,Alerta
4,69.03,6.14,Alerta
4,86.42,7.82,Alerta
4,74.31,8.1,Alerta
4,48.93,7.89,Alerta
4,74.25,5.35,Normal
4,67.61,7.3,Alerta
4,61.69,7.73,Alerta
4,65.63,7.01,Alerta
4,79.09,2.83,Alerta
4,91.29,7.32,Alerta
4,81.13,11.43,Alerta
4,71.93,6.28,Alerta
4,82.56,5.54,Alerta
4,73.41,7.75,Alerta
4,71.05,7.62,Alerta
4,66.46,9.39,Crítico
4,60.48,4.48,Normal
4,74.1,8.46,Alerta
4,79.58,8.18,Alerta
4,77.03,6.72,Alerta
4,73.84,7.68,Alerta
4,68.54,9.06,Crítico
4,84.08,8.74,Alerta
4,64.83,4.71,Normal
4,85.76,8.64,Alerta
4,67.98,6.87,Alerta
4,70.48,7.15,Alerta
4,63.33,7.15,Alerta
4,72.99,6.7,Alerta
4,87.75,9.38,Alerta
4,83.16,6.83,Alerta
4,87.78,4.76,Alerta
4,83.22,6.21,Alerta
4,66.96,7.36,Alerta
4,74.69,9.46,Crítico
4,70.2,8.21,Alerta
4,91.31,5.3,Crítico
4,66.03,11.97,Crítico
4,86.94,7.53,Alerta
4,86.93,9.55,Alerta
4,96.3,6.7,Alerta
4,73.9,8.07,Alerta
4,85.12,8.68,Alerta
4,100.82,9.44,Crítico
4,71.82,9.11,Crítico
4,62.65,8.74,Alerta
4,59.2,6.37,Alerta
4,85.13,5.86,Alerta
4,59.17,7.67,Alerta
4,74.28,8.87,Alerta
4,82.37,6.55,Alerta
4,79.85,9.13,Alerta
4,82.25,9.91,Alerta
4,80.22,5.17,Alerta
4,90.79,5.33,Crítico
4,68.48,6.72,Alerta
4,71.23,7.62,Alerta
4,70.27,5.95,Normal
4,86.3,9.7,Alerta
4,87.0,7.85,Alerta
4,82.51,7.08,Alerta
4,89.83,4.13,Alerta
4,66.22,4.37,Normal
4,94.67,7.56,Alerta
4,93.23,2.73,Crítico
4,85.36,9.03,Alerta
4,95.82,6.68,Alerta
4,61.43,13.49,Crítico
4,72.76,11.62,Crítico
4,70.65,6.64,Alerta
4,85.21,6.79,Alerta
4,67.5,8.99,Alerta
4,85.57,10.41,Alerta
4,91.71,3.72,Crítico
4,84.95,3.43,Alerta
4,80.84,5.76,Alerta
4,68.12,8.17,Alerta
4,69.53,7.99,Alerta
4,90.5,9.14,Crítico
4,85.79,4.6,Alerta
4,77.61,2.37,Alerta
4,73.82,8.72,Alerta
4,57.74,5.34,Normal
4,67.29,2.96,Normal
4,97.11,7.29,Alerta
4,65.2,8.59,Alerta
4,79.89,6.76,Alerta
4,88.07,6.08,Alerta
4,65.45,6.68,Alerta
4,79.85,6.26,Alerta
4,87.38,4.3,Alerta
4,78.12,5.57,Alerta
4,106.68,8.04,Alerta
4,61.31,7.64,Alerta
4,88.59,7.34,Alerta
4,76.27,5.01,Alerta
4,85.72,6.64,Alerta
4,82.41,2.65,Alerta
4,70.67,7.36,Alerta
4,80.29,9.86,Alerta
4,59.42,4.05,Normal
4,84.03,5.83,Alerta
4,80.98,7.66,Alerta
4,84.39,9.51,Alerta
4,88.58,6.1,Alerta
4,81.68,5.62,Alerta
4,79.48,3.06,Alerta
4,69.19,7.21,Alerta
4,70.88,11.08,Crítico
4,89.87,7.55,Alerta
4,92.36,6.96,Alerta
4,75.62,7.64,Alerta
4,78.46,6.98,Alerta
4,68.95,5.37,Normal
4,89.73,8.65,Alerta
4,84.65,7.45,Alerta
4,97.41,7.04,Alerta
4,69.22,5.05,Normal
4,74.22,9.61,Crítico
4,80.31,8.33,Alerta
4,84.46,5.89,Alerta
4,75.84,9.0,Alerta
4,69.27,6.0,Alerta
4,86.81,5.44,Alerta
4,85.21,5.48,Alerta
4,68.84,3.46,Normal
4,91.55,7.94,Alerta
4,89.7,3.34,Alerta
4,79.34,4.54,Alerta
4,78.8,2.85,Alerta
4,83.54,6.83,Alerta
4,69.38,6.7,Alerta
4,78.3,6.35,Alerta
4,56.48,4.91,Normal
4,86.76,4.66,Alerta
4,62.39,7.93,Alerta
4,93.03,5.9,Crítico
4,74.7,7.63,Alerta
4,75.88,5.23,Alerta
4,71.72,7.36,Alerta
4,75.12,9.61,Alerta
4,92.19,8.17,Alerta
4,53.12,6.18,Alerta
4,90.77,7.51,Alerta
4,81.38,6.52,Alerta
4,65.93,7.02,Alerta
4,67.25,6.35,Alerta
4,94.76,6.67,Alerta
4,68.54,7.42,Alerta
4,66.47,5.01,Normal
4,89.37,4.97,Alerta
4,81.39,4.22,Alerta
4,68.62,3.8,Normal
4,80.17,4.57,Alerta
4,67.74,7.32,Alerta
4,89.01,5.21,Alerta
4,88.61,8.03,Alerta
4,83.32,7.07,Alerta
4,81.62,3.06,Alerta
4,95.61,8.31,Alerta
4,78.0,8.62,Alerta
4,66.18,5.01,Normal
4,82.49,7.84,Alerta
4,98.86,5.29,Crítico
4,67.85,7.2,Alerta
4,74.39,4.47,Normal
4,82.16,3.41,Alerta
4,77.46,6.23,Alerta
4,68.18,6.75,Alerta
4,89.22,6.2,Alerta
4,101.2,4.63,Crítico
4,79.96,6.2,Alerta
4,68.96,7.54,Alerta
4,62.51,6.91,Alerta
4,80.58,7.37,Alerta
4,89.04,5.66,Alerta
4,82.75,9.34,Alerta
4,77.98,4.65,Alerta
4,72.11,7.98,Alerta
4,67.08,9.36,Crítico
4,86.35,7.96,Alerta
4,87.14,6.59,Alerta
4,62.54,5.94,Normal
4,93.9,9.07,Crítico
4,83.74,4.15,Alerta
4,92.0,5.06,Crítico
4,64.58,6.2,Alerta
4,64.34,9.48,Crítico
4,76.51,7.76,Alerta
4,83.03,5.06,Alerta
4,95.96,6.38,Alerta
4,85.06,5.77,Alerta
4,75.57,5.58,Alerta
4,67.74,8.96,Alerta
4,90.3,4.26,Crítico
4,68.35,10.22,Crítico
4,94.28,8.66,Alerta
4,75.16,9.18,Alerta
4,93.91,6.07,Alerta
4,84.79,6.7,Alerta
4,76.63,4.13,Alerta
4,72.81,5.95,Normal
4,74.59,7.99,Alerta
4,82.28,9.59,Alerta
4,78.77,4.79,Alerta
4,72.06,6.27,Alerta
4,76.34,6.7,Alerta
4,78.79,4.21,Alerta
4,56.71,8.18,Alerta
4,82.58,5.55,Alerta
4,68.2,6.61,Alerta
4,66.47,6.1,Alerta
4,61.13,5.42,Normal
4,60.06,6.99,Alerta
4,64.45,6.57,Alerta
4,70.91,6.26,Alerta
4,97.53,5.54,Crítico
4,72.74,7.64,Alerta
4,79.78,10.31,Alerta
4,82.0,7.28,Alerta
4,79.31,8.99,Alerta
4,77.23,4.22,Alerta
4,66.05,7.32,Alerta
4,92.51,4.81,Crítico
4,96.07,4.05,Crítico
4,61.17,5.52,Normal
4,67.76,9.38,Crítico
4,75.2,8.9,Alerta
4,68.35,7.49,Alerta
4,83.06,3.93,Alerta
4,70.72,6.61,Alerta
4,99.65,7.6,Alerta
4,89.91,7.35,Alerta
4,80.13,3.31,Alerta
4,88.27,5.22,Alerta
4,89.06,6.87,Alerta
4,72.36,8.07,Alerta
4,69.84,2.61,Normal
4,78.78,6.68,Alerta
4,86.62,7.29,Alerta
4,79.39,8.7,Alerta
4,62.23,8.39,Alerta
4,69.97,8.17,Alerta
4,77.26,5.4,Alerta
4,77.24,3.18,Alerta
4,97.73,6.21,Alerta
4,64.14,9.0,Crítico
4,83.06,9.79,Alerta
4,92.89,8.42,Alerta
4,100.71,7.86,Alerta
4,73.96,7.76,Alerta
4,82.91,5.89,Alerta
4,83.7,6.74,Alerta
4,79.95,10.34,Alerta
4,77.01,5.11,Alerta
4,82.36,10.23,Alerta
4,52.68,6.36,Alerta
4,84.82,9.65,Alerta
4,79.26,4.19,Alerta
4,75.78,8.17,Alerta
4,98.47,5.53,Crítico
4,71.25,4.17,Normal
4,73.97,7.44,Alerta
4,97.92,9.02,Crítico
4,69.68,5.31,Normal
4,72.5,4.0,Normal
4,76.53,6.82,Alerta
4,86.41,6.83,Alerta
4,80.08,8.1,Alerta
4,65.07,8.9,Alerta
4,72.68,6.88,Alerta
4,71.93,10.71,Crítico
4,77.23,7.45,Alerta
4,82.26,6.31,Alerta
4,82.18,3.78,Alerta
4,60.24,6.47,Alerta
4,88.64,6.33,Alerta
4,80.53,8.92,Alerta
4,91.85,7.92,Alerta
4,82.44,4.64,Alerta
4,89.01,7.34,Alerta
4,82.67,8.34,Alerta
4,91.46,10.06,Crítico
4,83.22,8.78,Alerta
4,77.02,8.52,Alerta
4,100.72,7.12,Alerta
4,86.89,7.78,Alerta
4,83.74,9.5,Alerta
4,65.24,4.33,Normal
4,65.12,6.3,Alerta
4,80.93,5.45,Alerta
4,79.46,7.76,Alerta
4,71.86,9.46,Crítico
4,79.41,5.81,Alerta
4,93.89,2.22,Crítico
4,84.95,6.18,Alerta
4,66.59,8.83,Alerta
4,76.88,8.08,Alerta
4,69.95,7.86,Alerta
4,74.12,6.44,Alerta
4,73.86,4.44,Normal
4,73.22,8.03,Alerta
4,65.45,5.33,Normal
4,76.72,11.37,Alerta
4,72.39,8.14,Alerta
4,48.71,5.84,Normal
4,98.53,5.78,Crítico
4,88.89,6.81,Alerta
4,74.24,6.52,Alerta
4,78.19,9.23,Alerta
4,66.28,7.37,Alerta
4,94.96,5.54,Crítico
4,96.97,10.78,Crítico
4,79.57,7.1,Alerta
4,88.24,8.54,Alerta
4,79.75,5.78,Alerta
4,64.63,7.73,Alerta
4,73.88,7.62,Alerta
4,79.32,3.22,Alerta
4,73.45,11.03,Crítico
4,75.81,9.58,Alerta
4,77.09,6.21,Alerta
4,77.19,4.8,Alerta
4,78.52,7.7,Alerta
4,67.39,7.17,Alerta
4,70.83,7.71,Alerta
4,65.15,7.38,Alerta
4,87.78,8.01,Alerta
4,56.94,9.89,Crítico
4,89.54,8.14,Alerta
4,91.86,4.9,Crítico
4,74.98,9.73,Crítico
4,51.97,10.28,Crítico
4,74.39,13.3,Crítico
4,77.36,4.75,Alerta
4,67.89,7.49,Alerta
4,72.85,2.84,Normal
4,93.3,8.11,Alerta
4,84.65,5.9,Alerta
4,68.75,10.85,Crítico
4,62.02,5.45,Normal
4,74.73,3.62,Normal
4,75.87,6.06,Alerta
4,82.96,3.05,Alerta
4,72.65,8.5,Alerta
4,83.11,2.87,Alerta
4,97.35,7.06,Alerta
4,86.16,2.84,Alerta
4,77.52,6.36,Alerta
4,76.17,10.29,Alerta
4,74.43,7.72,Alerta
5,71.37,5.58,Normal
5,79.69,4.79,Alerta
5,80.18,4.33,Alerta
5,84.73,8.33,Alerta
5,66.33,7.07,Alerta
5,85.93,8.26,Alerta
5,52.96,8.88,Alerta
5,73.7,8.03,Alerta
5,75.12,8.82,Alerta
5,86.33,7.36,Alerta
5,80.23,5.13,Alerta
5,65.94,9.62,Crítico
5,70.15,6.32,Alerta
5,81.99,5.63,Alerta
5,79.21,7.14,Alerta
5,74.21,5.67,Normal
5,75.19,6.67,Alerta
5,86.96,8.19,Alerta
5,74.82,8.2,Alerta
5,79.12,5.7,Alerta
5,101.7,6.52,Alerta
5,65.76,9.65,Crítico
5,61.48,8.49,Alerta
5,87.84,11.65,Alerta
5,73.21,9.86,Crítico
5,76.82,9.79,Alerta
5,72.19,4.72,Normal
5,77.4,9.03,Alerta
5,95.99,7.39,Alerta
5,88.02,6.4,Alerta
5,88.62,7.84,Alerta
5,65.84,9.39,Crítico
5,68.49,8.5,Alerta
5,51.61,5.74,Normal
5,71.91,8.98,Alerta
5,89.57,6.22,Alerta
5,85.17,7.93,Alerta
5,77.78,6.89,Alerta
5,79.78,7.06,Alerta
5,73.11,9.03,Crítico
5,82.05,5.42,Alerta
5,87.66,11.39,Alerta
5,63.84,3.86,Normal
5,83.0,6.3,Alerta
5,89.32,8.24,Alerta
5,75.85,8.67,Alerta
5,87.01,7.3,Alerta
5,108.15,7.39,Alerta
5,78.96,8.32,Alerta
5,83.93,7.04,Alerta
5,72.62,10.29,Crítico
5,81.81,9.18,Alerta
5,84.6,9.25,Alerta
5,81.95,5.57,Alerta
5,69.8,7.34,Alerta
5,82.06,6.9,Alerta
5,94.62,5.49,Crítico
5,84.49,8.22,Alerta
5,89.62,6.42,Alerta
5,77.63,8.81,Alerta
5,87.5,5.36,Alerta
5,82.79,10.94,Alerta
5,70.49,5.71,Normal
5,83.19,7.94,Alerta
5,70.08,9.08,Crítico
5,73.67,6.36,Alerta
5,81.89,9.2,Alerta
5,82.97,5.04,Alerta
5,68.11,10.4,Crítico
5,90.54,7.53,Alerta
5,85.72,6.31,Alerta
5,72.95,6.9,Alerta
5,64.62,9.12,Crítico
5,78.55,6.33,Alerta
5,75.54,6.0,Alerta
5,81.13,7.06,Alerta
5,76.37,5.15,Alerta
5,59.93,11.14,Crítico
5,76.12,6.37,Alerta
5,76.94,9.16,Alerta
5,86.34,7.92,Alerta
5,73.02,5.53,Normal
5,96.79,7.49,Alerta
5,60.88,9.07,Crítico
5,93.11,7.12,Alerta
5,77.76,9.89,Alerta
5,88.6,9.54,Alerta
5,80.8,9.34,Alerta
5,91.4,6.58,Alerta
5,76.13,5.34,Alerta
5,69.01,6.27,Alerta
5,94.21,7.89,Alerta
5,78.87,8.59,Alerta
5,82.22,3.16,Alerta
5,92.35,7.48,Alerta
5,69.68,7.82,Alerta
5,85.95,6.94,Alerta
5,74.1,10.08,Crítico
5,78.68,8.34,Alerta
5,80.72,10.12,Alerta
5,65.0,7.07,Alerta
5,72.21,9.37,Crítico
5,93.51,10.77,Crítico
5,88.86,10.12,Alerta
5,79.37,5.32,Alerta
5,82.43,6.99,Alerta
5,77.06,6.81,Alerta
5,93.57,8.48,Alerta
5,78.0,8.87,Alerta
5,82.32,5.82,Alerta
5,91.46,7.64,Alerta
5,72.23,3.46,Normal
5,95.59,10.38,Crítico
5,64.7,6.48,Alerta
5,96.3,7.61,Alerta
5,76.27,6.88,Alerta
5,77.57,9.79,Alerta
5,61.1,1.82,Normal
5,75.45,7.47,Alerta
5,69.6,7.29,Alerta
5,73.92,6.59,Alerta
5,78.63,10.95,Alerta
5,89.58,5.73,Alerta
5,82.08,9.04,Alerta
5,83.08,8.21,Alerta
5,69.04,10.02,Crítico
5,71.19,6.17,Alerta
5,97.99,6.03,Alerta
5,72.65,9.69,Crítico
5,96.56,8.35,Alerta
5,77.57,4.41,Alerta
5,80.02,6.42,Alerta
5,90.7,8.27,Alerta
5,92.72,9.18,Crítico
5,78.89,6.14,Alerta
5,76.12,1.67,Alerta
5,79.44,8.55,Alerta
5,83.38,5.06,Alerta
5,88.91,3.47,Alerta
5,80.04,1.84,Alerta
5,86.19,9.13,Alerta
5,96.38,7.76,Alerta
5,83.81,7.05,Alerta
5,83.12,10.28,Alerta
5,64.81,8.77,Alerta
5,53.69,10.73,Crítico
5,83.88,4.71,Alerta
5,79.05,7.43,Alerta
5,74.85,4.27,Normal
5,82.44,7.04,Alerta
5,79.4,7.0,Alerta
5,91.28,8.75,Alerta
5,80.86,7.59,Alerta
5,72.53,8.75,Alerta
5,89.9,8.91,Alerta
5,77.83,11.81,Alerta
5,85.27,6.87,Alerta
5,75.23,5.62,Alerta
5,73.5,7.99,Alerta
5,80.84,5.9,Alerta
5,80.13,10.46,Alerta
5,84.8,6.93,Alerta
5,77.31,6.37,Alerta
5,61.64,6.56,Alerta
5,75.67,8.94,Alerta
5,87.94,7.18,Alerta
5,77.03,6.22,Alerta
5,77.54,10.83,Alerta
5,89.86,5.79,Alerta
5,72.88,7.57,Alerta
5,64.57,8.8,Alerta
5,78.39,4.24,Alerta
5,75.16,8.46,Alerta
5,70.34,5.39,Normal
5,78.25,9.15,Alerta
5,84.92,5.57,Alerta
5,79.91,8.89,Alerta
5,83.07,9.71,Alerta
5,98.13,9.22,Crítico
5,76.57,8.0,Alerta
5,82.78,7.04,Alerta
5,74.91,6.35,Alerta
5,71.54,10.44,Crítico
5,74.15,6.1,Alerta
5,75.21,5.43,Alerta
5,83.59,8.83,Alerta
5,103.49,5.91,Crítico
5,72.84,5.6,Normal
5,75.83,4.61,Alerta
5,79.37,6.53,Alerta
5,83.96,7.33,Alerta
5,82.64,7.99,Alerta
5,92.84,9.4,Crítico
5,55.74,8.55,Alerta
5,56.13,7.12,Alerta
5,75.04,7.1,Alerta
5,90.97,8.52,Alerta
5,64.34,10.05,Crítico
5,49.92,7.75,Alerta
5,85.71,6.56,Alerta
5,82.44,5.51,Alerta
5,69.1,4.61,Normal
5,70.14,8.83,Alerta
5,70.3,8.66,Alerta
5,81.11,8.65,Alerta
5,73.74,7.24,Alerta
5,84.94,10.31,Alerta
5,51.45,6.53,Alerta
5,71.43,9.41,Crítico
5,68.74,7.42,Alerta
5,77.44,6.28,Alerta
5,74.62,8.69,Alerta
5,87.98,8.32,Alerta
5,61.41,8.21,Alerta
5,80.45,7.66,Alerta
5,85.58,7.42,Alerta
5,98.57,12.28,Crítico
5,75.18,9.87,Alerta
5,83.24,8.95,Alerta
5,61.96,7.72,Alerta
5,56.08,9.51,Crítico
5,88.45,8.54,Alerta
5,79.94,7.55,Alerta
5,91.79,6.89,Alerta
5,66.27,7.34,Alerta
5,85.2,1.16,Alerta
5,98.69,7.92,Alerta
5,84.2,6.52,Alerta
5,82.77,10.69,Alerta
5,80.09,7.54,Alerta
5,64.29,5.12,Normal
5,93.56,7.4,Alerta
5,73.89,5.41,Normal
5,85.04,8.45,Alerta
5,64.37,8.08,Alerta
5,68.21,9.42,Crítico
5,94.35,5.92,Crítico
5,76.53,7.57,Alerta
5,94.53,4.77,Crítico
5,79.22,8.9,Alerta
5,61.58,8.54,Alerta
5,88.92,8.49,Alerta
5,74.1,7.5,Alerta
5,86.99,8.33,Alerta
5,80.25,10.71,Alerta
5,64.57,6.93,Alerta
5,81.64,7.78,Alerta
5,101.96,5.33,Crítico
5,84.93,5.76,Alerta
5,79.42,7.7,Alerta
5,90.75,9.71,Crítico
5,82.11,6.99,Alerta
5,82.1,7.03,Alerta
5,69.08,6.69,Alerta
5,82.34,6.43,Alerta
5,90.35,8.09,Alerta
5,71.64,4.51,Normal
5,94.24,10.06,Crítico
5,79.08,6.17,Alerta
5,71.12,8.94,Alerta
5,89.98,4.96,Alerta
5,77.13,8.84,Alerta
5,87.6,8.84,Alerta
5,77.08,8.27,Alerta
5,79.4,5.51,Alerta
5,84.94,8.0,Alerta
5,82.91,5.13,Alerta
5,60.04,6.99,Alerta
5,68.79,9.56,Crítico
5,89.29,9.09,Alerta
5,78.68,7.53,Alerta
5,74.76,5.55,Normal
5,66.41,8.79,Alerta
5,69.2,7.54,Alerta
5,59.78,2.86,Normal
5,78.99,9.07,Alerta
5,74.02,7.45,Alerta
5,70.33,9.9,Crítico
5,79.32,5.31,Alerta
5,83.64,1.15,Alerta
5,100.93,8.06,Alerta
5,64.88,8.08,Alerta
5,91.59,4.12,Crítico
5,89.73,5.54,Alerta
5,72.21,13.01,Crítico
5,82.03,6.89,Alerta
5,75.42,8.96,Alerta
5,81.86,6.2,Alerta
5,95.09,3.32,Crítico
5,86.06,7.16,Alerta
5,85.09,6.97,Alerta
5,75.7,6.7,Alerta
5,65.16,7.27,Alerta
5,77.92,8.03,Alerta
5,92.07,7.2,Alerta
5,64.73,4.97,Normal
5,69.45,8.47,Alerta
5,81.26,3.6,Alerta
5,70.15,3.4,Normal
5,72.07,8.98,Alerta
5,75.76,8.51,Alerta
5,66.34,7.39,Alerta
5,70.26,4.71,Normal
5,87.03,6.08,Alerta
5,66.93,6.97,Alerta
5,64.02,4.31,Normal
5,73.7,6.02,Alerta
5,87.32,8.8,Alerta
5,78.03,10.35,Alerta
5,75.35,6.66,Alerta
5,80.44,9.01,Alerta
5,62.54,3.67,Normal
5,84.95,8.82,Alerta
5,83.83,5.89,Alerta
5,75.91,8.11,Alerta
5,90.06,7.0,Alerta
5,68.73,10.14,Crítico
5,91.28,5.75,Crítico
5,81.54,8.76,Alerta
5,76.63,6.94,Alerta
5,79.8,7.18,Alerta
5,78.93,7.13,Alerta
5,92.2,5.81,Crítico
5,69.23,7.47,Alerta
5,72.37,7.37,Alerta
5,90.36,7.98,Alerta
5,74.04,7.67,Alerta
5,89.01,9.1,Alerta
5,96.99,9.35,Crítico
5,75.98,5.4,Alerta
5,86.81,9.24,Alerta
5,68.46,5.13,Normal
5,87.55,8.68,Alerta
5,81.99,8.74,Alerta
5,84.73,3.68,Alerta
5,73.54,7.69,Alerta
5,63.39,6.56,Alerta
5,85.03,5.98,Alerta
5,59.37,10.2,Crítico
5,76.83,6.19,Alerta
5,89.41,5.89,Alerta
5,81.92,7.65,Alerta
5,99.48,8.87,Alerta
5,90.25,7.22,Alerta
5,73.46,9.83,Crítico
5,80.27,8.56,Alerta
5,79.53,3.14,Alerta
5,64.18,6.44,Alerta
5,70.6,6.38,Alerta
5,74.39,8.46,Alerta
5,59.64,2.25,Normal
5,80.47,12.6,Alerta
5,77.51,8.56,Alerta
5,63.27,7.8,Alerta
5,84.04,9.86,Alerta
5,87.16,12.19,Alerta
5,82.27,9.24,Alerta
5,76.76,9.4,Alerta
5,85.91,7.76,Alerta
5,86.8,7.22,Alerta
5,83.07,6.55,Alerta
5,71.75,5.85,Normal
5,82.77,6.13,Alerta
5,91.95,4.8,Crítico
5,74.03,7.35,Alerta
5,100.98,4.13,Crítico
5,74.74,7.88,Alerta
5,80.32,7.43,Alerta
5,73.28,7.79,Alerta
5,82.23,6.46,Alerta
5,62.58,13.65,Crítico
5,74.54,10.22,Crítico
5,69.08,5.01,Normal
5,81.35,7.97,Alerta
5,89.94,6.28,Alerta
5,86.46,5.47,Alerta
5,56.28,4.82,Normal
5,100.42,8.36,Alerta
5,82.95,6.14,Alerta
5,72.24,9.44,Crítico
5,81.57,9.49,Alerta
5,81.76,10.25,Alerta
5,73.33,5.8,Normal
5,81.98,8.45,Alerta
5,73.93,8.76,Alerta
5,75.96,6.55,Alerta
5,73.14,5.96,Normal
5,65.67,10.72,Crítico
5,81.46,7.95,Alerta
5,85.85,8.77,Alerta
5,85.15,5.86,Alerta
5,88.2,5.06,Alerta
5,83.24,6.36,Alerta
5,74.67,7.25,Alerta
5,88.4,5.37,Alerta
5,66.42,7.48,Alerta
5,70.99,4.12,Normal
5,70.36,5.26,Normal
5,90.8,8.84,Alerta
5,89.43,8.71,Alerta
5,84.87,6.72,Alerta
5,90.72,5.46,Crítico
5,71.21,5.45,Normal
5,83.49,6.75,Alerta
5,78.75,8.79,Alerta
5,88.47,9.36,Alerta
5,78.85,6.51,Alerta
5,76.15,5.19,Alerta
5,85.41,8.04,Alerta
5,88.76,5.85,Alerta
5,73.32,6.46,Alerta
5,79.39,10.15,Alerta
5,69.42,9.15,Crítico
5,55.02,7.82,Alerta
5,82.0,4.96,Alerta
5,86.09,7.92,Alerta
5,82.62,9.63,Alerta
5,60.5,6.75,Alerta
5,76.49,10.2,Alerta
5,57.82,10.09,Crítico
5,93.7,10.83,Crítico
5,69.14,8.11,Alerta
5,92.55,8.67,Alerta
5,89.46,10.33,Alerta
5,70.99,8.39,Alerta
5,68.67,6.5,Alerta
5,83.5,6.6,Alerta
5,71.56,7.98,Alerta
5,81.02,4.92,Alerta
5,75.17,7.21,Alerta
5,62.19,9.69,Crítico
5,57.7,3.12,Normal
5,82.27,10.57,Alerta
5,74.38,9.74,Crítico
5,74.47,6.58,Alerta
5,86.96,8.59,Alerta
5,91.73,7.51,Alerta
5,77.27,9.96,Alerta
5,76.59,9.47,Alerta
5,85.0,4.7,Alerta
5,66.43,8.67,Alerta
5,82.23,7.09,Alerta
5,85.52,7.67,Alerta
5,86.8,6.04,Alerta
5,60.63,11.0,Crítico
5,72.39,9.58,Crítico
5,71.22,6.02,Alerta
5,81.0,4.83,Alerta
5,84.81,6.73,Alerta
5,94.97,8.37,Alerta
5,75.05,7.98,Alerta
5,75.02,10.01,Alerta
5,91.5,9.08,Crítico
5,82.97,9.44,Alerta
5,92.68,8.15,Alerta
5,82.89,4.72,Alerta
5,68.43,7.11,Alerta
5,66.67,9.62,Crítico
5,64.48,7.4,Alerta
5,86.62,8.51,Alerta
5,91.89,6.86,Alerta
5,98.49,5.44,Crítico
5,88.43,7.25,Alerta
5,91.63,8.12,Alerta
5,74.2,6.19,Alerta
5,68.44,7.03,Alerta
5,88.5,5.62,Alerta
5,84.18,9.74,Alerta
5,81.07,6.91,Alerta
5,83.87,10.41,Alerta
5,83.23,10.56,Alerta
5,92.84,7.34,Alerta
5,92.95,5.48,Crítico
5,85.44,3.33,Alerta
5,88.46,4.56,Alerta
5,85.14,4.75,Alerta
5,75.39,10.26,Alerta
5,87.57,7.73,Alerta
5,66.06,8.28,Alerta
5,90.54,3.06,Crítico
5,68.05,5.1,Normal
5,82.86,9.27,Alerta
5,71.55,8.07,Alerta
5,85.53,7.21,Alerta
5,79.66,8.63,Alerta
5,64.05,10.77,Crítico
5,84.21,7.06,Alerta
5,74.22,7.64,Alerta
5,88.81,7.89,Alerta
5,80.01,12.28,Alerta
5,83.95,3.3,Alerta
5,70.42,8.87,Alerta
5,74.11,7.27,Alerta
5,75.41,8.63,Alerta
5,88.57,6.19,Alerta
5,96.77,7.4,Alerta
5,71.95,8.92,Alerta
5,90.77,13.73,Crítico
5,58.3,9.12,Crítico
5,68.06,5.8,Normal
6,77.76,9.41,Alerta
6,77.47,9.07,Alerta
6,64.04,8.33,Alerta
6,78.7,5.24,Alerta
6,89.33,7.03,Alerta
6,69.26,9.68,Crítico
6,92.48,5.9,Crítico
6,86.88,2.94,Alerta
6,74.66,7.55,Alerta
6,80.58,7.72,Alerta
6,97.98,8.27,Alerta
6,89.34,9.46,Alerta
6,82.09,9.28,Alerta
6,79.62,8.52,Alerta
6,82.77,10.39,Alerta
6,76.88,4.96,Alerta
6,60.95,9.01,Crítico
6,102.42,9.25,Crítico
6,83.55,5.52,Alerta
6,85.98,4.99,Alerta
6,81.42,6.51,Alerta
6,74.65,6.68,Alerta
6,80.14,9.51,Alerta
6,66.01,6.77,Alerta
6,104.77,6.29,Alerta
6,69.65,6.78,Alerta
6,71.68,10.24,Crítico
6,77.6,8.03,Alerta
6,94.88,7.64,Alerta
6,82.15,7.78,Alerta
6,69.64,10.58,Crítico
6,94.54,6.5,Alerta
6,89.31,10.63,Alerta
6,87.38,8.42,Alerta
6,89.16,7.68,Alerta
6,105.94,13.0,Crítico
6,103.85,5.89,Crítico
6,75.13,7.29,Alerta
6,98.24,5.54,Crítico
6,85.83,9.9,Alerta
6,86.99,11.38,Alerta
6,65.08,11.34,Crítico
6,80.3,10.45,Alerta
6,73.87,7.6,Alerta
6,90.28,7.27,Alerta
6,92.71,4.66,Crítico
6,61.26,12.07,Crítico
6,81.78,8.94,Alerta
6,93.22,7.02,Alerta
6,80.13,10.66,Alerta
6,89.29,6.05,Alerta
6,85.51,8.81,Alerta
6,85.42,7.65,Alerta
6,79.29,9.28,Alerta
6,69.83,7.87,Alerta
6,70.78,5.1,Normal
6,89.09,8.15,Alerta
6,82.19,10.1,Alerta
6,80.61,7.94,Alerta
6,77.76,9.55,Alerta
6,78.95,5.91,Alerta
6,92.47,7.95,Alerta
6,78.65,6.75,Alerta
6,68.59,9.49,Crítico
6,89.44,8.06,Alerta
6,79.95,9.38,Alerta
6,82.31,10.18,Alerta
6,98.08,9.38,Crítico
6,81.79,8.55,Alerta
6,84.89,6.0,Alerta
6,70.21,7.99,Alerta
6,79.8,6.93,Alerta
6,88.1,7.31,Alerta
6,66.45,7.25,Alerta
6,84.01,6.04,Alerta
6,83.01,4.09,Alerta
6,82.41,6.66,Alerta
6,92.37,8.39,Alerta
6,85.34,5.3,Alerta
6,96.78,8.03,Alerta
6,72.06,11.8,Crítico
6,83.36,10.05,Alerta
6,82.84,11.29,Alerta
6,71.31,8.78,Alerta
6,91.56,10.34,Crítico
6,105.25,6.55,Alerta
6,81.83,6.71,Alerta
6,87.05,2.52,Alerta
6,82.85,10.37,Alerta
6,74.86,11.08,Crítico
6,63.79,6.89,Alerta
6,74.94,7.49,Alerta
6,68.08,6.49,Alerta
6,99.04,8.77,Alerta
6,80.85,10.25,Alerta
6,78.54,4.51,Alerta
6,90.89,8.82,Alerta
6,70.78,7.45,Alerta
6,74.33,8.23,Alerta
6,82.68,8.92,Alerta
6,92.29,7.62,Alerta
6,87.02,7.79,Alerta
6,84.48,7.57,Alerta
6,82.78,9.94,Alerta
6,86.0,8.84,Alerta
6,84.02,8.44,Alerta
6,71.7,5.46,Normal
6,82.46,7.24,Alerta
6,71.26,9.8,Crítico
6,82.81,8.08,Alerta
6,77.19,9.32,Alerta
6,107.39,11.53,Crítico
6,81.6,10.08,Alerta
6,67.96,8.19,Alerta
6,80.66,6.98,Alerta
6,87.19,2.89,Alerta
6,98.73,7.66,Alerta
6,76.11,7.35,Alerta
6,66.18,8.78,Alerta
6,90.17,7.69,Alerta
6,68.19,7.36,Alerta
6,77.64,4.44,Alerta
6,79.42,6.12,Alerta
6,81.3,8.95,Alerta
6,88.89,11.43,Alerta
6,75.16,7.8,Alerta
6,79.26,8.66,Alerta
6,81.86,9.9,Alerta
6,83.5,6.38,Alerta
6,82.98,8.73,Alerta
6,86.36,6.52,Alerta
6,90.44,9.73,Crítico
6,85.93,8.3,Alerta
6,86.54,8.6,Alerta
6,66.18,6.43,Alerta
6,82.5,9.41,Alerta
6,86.8,12.17,Alerta
6,89.29,5.98,Alerta
6,75.08,7.32,Alerta
6,75.41,8.46,Alerta
6,76.26,9.57,Alerta
6,87.36,6.88,Alerta
6,92.34,2.33,Crítico
6,77.93,10.72,Alerta
6,91.08,9.52,Crítico
6,83.23,4.51,Alerta
6,80.76,6.78,Alerta
6,79.89,11.14,Alerta
6,89.47,10.9,Alerta
6,85.26,9.88,Alerta
6,104.76,7.65,Alerta
6,73.48,8.17,Alerta
6,87.18,7.74,Alerta
6,76.71,10.26,Alerta
6,73.31,6.25,Alerta
6,81.89,6.39,Alerta
6,83.37,10.02,Alerta
6,111.18,7.91,Alerta
6,80.16,10.76,Alerta
6,70.7,6.66,Alerta
6,84.73,7.89,Alerta
6,61.25,6.16,Alerta
6,81.08,8.01,Alerta
6,82.16,5.04,Alerta
6,89.95,7.02,Alerta
6,91.74,5.13,Crítico
6,76.96,9.39,Alerta
6,80.49,9.43,Alerta
6,74.34,4.54,Normal
6,70.72,10.67,Crítico
6,85.1,12.99,Alerta
6,69.26,8.09,Alerta
6,77.85,6.72,Alerta
6,72.05,13.65,Crítico
6,87.5,5.36,Alerta
6,100.01,8.04,Alerta
6,68.98,8.36,Alerta
6,63.47,10.69,Crítico
6,80.75,8.72,Alerta
6,82.16,7.0,Alerta
6,84.19,6.1,Alerta
6,77.54,7.32,Alerta
6,79.99,5.99,Alerta
6,85.68,8.1,Alerta
6,92.4,6.87,Alerta
6,62.45,5.01,Normal
6,78.31,10.51,Alerta
6,84.14,7.0,Alerta
6,72.82,5.46,Normal
6,99.31,7.66,Alerta
6,75.65,8.14,Alerta
6,81.59,4.51,Alerta
6,87.56,8.66,Alerta
6,76.09,5.91,Alerta
6,63.53,11.42,Crítico
6,77.71,9.05,Alerta
6,92.29,7.2,Alerta
6,78.63,6.51,Alerta
6,73.54,7.79,Alerta
6,91.26,9.23,Crítico
6,78.69,7.95,Alerta
6,76.9,7.57,Alerta
6,83.49,8.12,Alerta
6,89.71,6.79,Alerta
6,105.82,7.31,Alerta
6,90.27,3.83,Crítico
6,93.6,9.95,Crítico
6,76.94,8.6,Alerta
6,71.74,6.45,Alerta
6,82.62,11.8,Alerta
6,83.07,8.17,Alerta
6,71.21,5.93,Normal
6,80.25,9.71,Alerta
6,85.99,8.8,Alerta
6,85.6,8.79,Alerta
6,87.04,7.15,Alerta
6,84.91,8.9,Alerta
6,76.93,7.48,Alerta
6,76.86,9.11,Alerta
6,70.01,4.19,Normal
6,99.85,7.13,Alerta
6,82.13,11.44,Alerta
6,79.75,6.47,Alerta
6,72.71,6.79,Alerta
6,111.36,7.1,Alerta
6,71.27,5.57,Normal
6,77.71,3.58,Alerta
6,86.16,7.54,Alerta
6,88.0,8.27,Alerta
6,91.58,7.89,Alerta
6,100.08,7.71,Alerta
6,87.06,8.09,Alerta
6,71.44,10.05,Crítico
6,79.43,7.62,Alerta
6,85.08,6.85,Alerta
6,102.68,7.44,Alerta
6,68.02,9.16,Crítico
6,94.03,10.82,Crítico
6,83.8,6.74,Alerta
6,90.38,8.2,Alerta
6,80.98,8.68,Alerta
6,73.58,6.01,Alerta
6,89.51,8.04,Alerta
6,88.54,5.07,Alerta
6,91.72,4.46,Crítico
6,81.87,8.73,Alerta
6,76.0,7.23,Alerta
6,66.41,8.4,Alerta
6,90.19,7.96,Alerta
6,86.24,6.05,Alerta
6,72.34,7.91,Alerta
6,76.61,5.53,Alerta
6,77.33,10.78,Alerta
6,67.17,5.29,Normal
6,73.82,7.61,Alerta
6,70.66,5.92,Normal
6,77.88,9.14,Alerta
6,74.61,7.34,Alerta
6,65.73,6.96,Alerta
6,102.23,9.71,Crítico
6,94.53,8.06,Alerta
6,74.21,9.03,Crítico
6,84.72,6.04,Alerta
6,86.17,5.19,Alerta
6,93.91,8.21,Alerta
6,73.81,7.36,Alerta
6,92.92,9.25,Crítico
6,76.52,7.84,Alerta
6,68.64,8.41,Alerta
6,89.24,4.75,Alerta
6,94.91,11.78,Crítico
6,107.88,7.67,Alerta
6,70.0,9.4,Crítico
6,88.99,6.33,Alerta
6,77.9,8.62,Alerta
6,89.83,5.39,Alerta
6,67.3,8.9,Alerta
6,69.37,7.29,Alerta
6,74.24,8.06,Alerta
6,82.79,9.4,Alerta
6,75.59,5.53,Alerta
6,88.59,6.63,Alerta
6,92.27,8.91,Alerta
6,88.0,12.2,Alerta
6,98.19,7.72,Alerta
6,86.16,9.18,Alerta
6,69.83,7.79,Alerta
6,95.63,11.88,Crítico
6,75.95,4.51,Alerta
6,91.1,8.19,Alerta
6,97.74,4.75,Crítico
6,86.57,2.99,Alerta
6,67.04,8.59,Alerta
6,72.82,8.28,Alerta
6,95.23,7.43,Alerta
6,80.31,7.79,Alerta
6,82.8,14.2,Alerta
6,89.59,7.48,Alerta
6,88.96,9.02,Alerta
6,84.79,6.7,Alerta
6,79.91,8.59,Alerta
6,78.87,7.52,Alerta
6,90.58,7.18,Alerta
6,87.54,11.64,Alerta
6,79.43,10.35,Alerta
6,92.82,8.27,Alerta
6,80.71,3.39,Alerta
6,73.48,7.28,Alerta
6,74.41,13.41,Crítico
6,72.21,7.54,Alerta
6,79.28,10.21,Alerta
6,94.34,10.88,Crítico
6,73.95,8.44,Alerta
6,83.88,6.32,Alerta
6,75.43,3.13,Alerta
6,79.4,9.37,Alerta
6,66.9,6.37,Alerta
6,79.79,8.35,Alerta
6,80.06,5.5,Alerta
6,87.4,7.47,Alerta
6,84.23,8.07,Alerta
6,70.02,8.54,Alerta
6,92.84,5.77,Crítico
6,84.1,10.39,Alerta
6,83.98,6.81,Alerta
6,81.91,4.65,Alerta
6,76.82,7.78,Alerta
6,84.18,8.07,Alerta
6,86.76,8.32,Alerta
6,64.53,10.72,Crítico
6,76.61,7.53,Alerta
6,79.45,7.76,Alerta
6,84.56,5.79,Alerta
6,93.93,9.64,Crítico
6,74.28,8.37,Alerta
6,77.02,7.16,Alerta
6,76.87,4.19,Alerta
6,73.98,10.89,Crítico
6,78.53,5.54,Alerta
6,89.71,6.82,Alerta
6,71.46,8.72,Alerta
6,86.28,5.61,Alerta
6,64.98,5.01,Normal
6,76.39,3.75,Alerta
6,78.71,9.44,Alerta
6,98.75,6.91,Alerta
6,79.25,13.85,Alerta
6,59.99,6.01,Alerta
6,62.01,6.16,Alerta
6,82.34,6.87,Alerta
6,88.14,8.49,Alerta
6,85.75,7.06,Alerta
6,83.68,9.22,Alerta
6,93.62,6.04,Alerta
6,76.6,5.24,Alerta
6,90.95,4.4,Crítico
6,65.68,3.55,Normal
6,72.95,6.96,Alerta
6,63.93,7.4,Alerta
6,79.25,6.74,Alerta
6,81.54,10.49,Alerta
6,83.14,10.46,Alerta
6,82.62,7.33,Alerta
6,72.72,4.41,Normal
6,80.1,6.87,Alerta
6,67.03,6.8,Alerta
6,95.63,6.69,Alerta
6,78.96,6.6,Alerta
6,77.11,6.69,Alerta
6,97.89,7.23,Alerta
6,69.58,6.73,Alerta
6,70.74,8.42,Alerta
6,71.04,8.72,Alerta
6,81.32,6.18,Alerta
6,86.32,10.54,Alerta
6,89.4,6.04,Alerta
6,107.72,4.76,Crítico
6,59.51,8.76,Alerta
6,88.09,6.37,Alerta
6,76.43,8.64,Alerta
6,76.14,3.19,Alerta
6,75.8,10.78,Alerta
6,72.91,9.34,Crítico
6,98.85,5.0,Crítico
6,90.42,5.04,Crítico
6,82.23,11.34,Alerta
6,95.51,6.53,Alerta
6,66.87,6.33,Alerta
6,68.69,3.47,Normal
6,60.22,7.3,Alerta
6,75.01,7.54,Alerta
6,83.62,9.43,Alerta
6,83.03,5.2,Alerta
6,83.49,4.96,Alerta
6,67.89,8.9,Alerta
6,90.03,10.01,Crítico
6,84.4,4.86,Alerta
6,89.33,10.16,Alerta
6,63.07,8.08,Alerta
6,85.11,10.18,Alerta
6,70.12,7.86,Alerta
6,78.03,2.96,Alerta
6,87.34,7.7,Alerta
6,82.91,10.12,Alerta
6,73.48,6.21,Alerta
6,82.06,7.22,Alerta
6,66.68,7.65,Alerta
6,93.5,2.2,Crítico
6,79.95,11.34,Alerta
6,93.19,6.2,Alerta
6,76.73,9.01,Alerta
6,76.76,7.83,Alerta
6,74.36,10.52,Crítico
6,90.76,8.81,Alerta
6,74.91,7.53,Alerta
6,88.45,6.21,Alerta
6,78.18,9.6,Alerta
6,62.24,4.25,Normal
6,76.3,9.29,Alerta
6,70.21,5.8,Normal
6,82.34,10.5,Alerta
6,70.1,8.32,Alerta
6,91.26,9.29,Crítico
6,81.09,8.16,Alerta
6,80.22,4.5,Alerta
6,88.56,6.28,Alerta
6,91.64,9.34,Crítico
6,81.8,8.33,Alerta
6,74.29,10.36,Crítico
6,64.26,8.81,Alerta
6,75.14,6.07,Alerta
6,75.83,6.41,Alerta
6,83.07,8.21,Alerta
6,78.55,3.37,Alerta
6,88.88,11.35,Alerta
6,75.87,8.88,Alerta
6,81.43,10.45,Alerta
6,93.84,4.84,Crítico
6,85.42,10.49,Alerta
6,81.4,12.46,Alerta
6,75.98,5.36,Alerta
6,75.67,9.54,Alerta
6,73.49,8.0,Alerta
6,76.59,4.91,Alerta
6,89.56,8.99,Alerta
6,79.78,9.67,Alerta
6,68.5,6.8,Alerta
6,99.68,10.33,Crítico
6,85.2,4.67,Alerta
6,67.93,5.01,Normal
6,77.58,8.27,Alerta
6,83.11,8.05,Alerta
6,99.05,6.57,Alerta
6,70.92,9.62,Crítico
6,91.76,9.06,Crítico
6,95.99,9.72,Crítico
6,75.71,7.75,Alerta
6,79.22,9.21,Alerta
6,71.64,7.11,Alerta
6,79.97,12.11,Alerta
6,81.63,6.37,Alerta
6,88.6,12.21,Alerta
6,92.9,8.07,Alerta
6,74.52,5.25,Normal
6,62.33,10.74,Crítico
6,81.79,8.25,Alerta
6,84.94,9.7,Alerta
6,84.49,10.45,Alerta
6,78.73,8.68,Alerta
6,83.25,6.82,Alerta
6,97.15,9.95,Crítico
6,85.82,8.0,Alerta
6,78.27,9.37,Alerta
6,77.0,3.69,Alerta
6,80.3,8.89,Alerta
6,98.37,6.72,Alerta
6,80.17,11.31,Alerta
6,81.8,9.25,Alerta
6,77.18,8.48,Alerta
6,92.99,8.97,Alerta
6,101.6,6.0,Alerta
6,86.51,11.25,Alerta
6,82.83,11.98,Alerta
6,82.37,8.79,Alerta
6,58.16,11.18,Crítico
6,89.45,6.86,Alerta
6,83.34,6.41,Alerta
6,86.28,8.08,Alerta
6,74.89,8.87,Alerta
6,78.16,7.21,Alerta
6,77.89,9.08,Alerta
6,92.22,8.61,Alerta
6,78.21,6.0,Alerta
6,102.83,9.04,Crítico
6,86.31,9.73,Alerta
6,69.24,8.34,Alerta
6,80.71,10.31,Alerta
6,75.48,5.57,Alerta
6,60.06,8.94,Alerta
6,97.99,5.66,Crítico
